seconds,a_vx,a_vy,b_vx,b_vy
0.1,1.0648191861798282,-1.5051367480449291,1.0648191861798282,-1.5051367480449291
0.2,-0.0915098223441139,-0.9057380789553985,-0.0915098223441139,-0.9057380789553985
0.30000000000000004,1.0455214516364557,0.8144835038065882,1.0455214516364557,0.8144835038065882
0.4,-0.6399147642984486,-0.4330199729712737,-0.6399147642984486,-0.4330199729712737
0.5,0.2540244914261344,-1.1952119883841803,0.2540244914261344,-1.1952119883841803
0.6,-0.01775628152075307,-0.5885484693482985,-0.01775628152075307,-0.5885484693482985
0.7000000000000001,-1.675701074411782,-0.8338165040201656,-1.675701074411782,-0.8338165040201656
0.8,0.8280900850055422,0.5595777459307054,0.8280900850055422,0.5595777459307054
0.9,-0.5683489080619829,0.609380471815805,-0.5683489080619829,0.609380471815805
1.0,-1.9936518397817449,1.295065908684115,-1.9936518397817449,1.295065908684115
1.1,0.3128420198737826,-0.3895308263288449,0.3128420198737826,-0.3895308263288449
1.2000000000000002,1.3322952006808562,-0.5911718624578015,1.3322952006808562,-0.5911718624578015
1.3000000000000003,-1.6704092339512775,-0.5601104386234526,-1.6704092339512775,-0.5601104386234526
1.4000000000000001,1.2962056868724259,-0.3204578761675627,1.2962056868724259,-0.3204578761675627
1.5000000000000002,0.46718823396748793,1.5234963717303418,0.46718823396748793,1.5234963717303418
1.6,-0.09954182542428867,1.5172351430490705,-0.09954182542428867,1.5172351430490705
1.7000000000000002,-0.6029154447487878,-1.6945829971055903,-0.6029154447487878,-1.6945829971055903
1.8000000000000003,-1.2641259896282235,0.6294133463910235,-1.2641259896282235,0.6294133463910235
1.9000000000000001,-0.6393643841634182,2.1691982418893643,-0.6393643841634182,2.1691982418893643
2.0,-1.0732116408437489,-1.2445278996089442,-1.0732116408437489,-1.2445278996089442
2.1,0.9931416293626091,0.14832964393546438,0.9931416293626091,0.14832964393546438
2.2,-1.482180580596723,1.4948775309967453,-1.482180580596723,1.4948775309967453
2.3000000000000003,-1.2412651239364692,1.0597143378419664,-1.2412651239364692,1.0597143378419664
2.4000000000000004,0.599378904368555,-0.8189869415921466,0.599378904368555,-0.8189869415921466
2.5000000000000004,-0.26147604404648633,-0.2111448275034799,-0.26147604404648633,-0.2111448275034799
2.6,1.1780145593478808,0.5166344529459366,1.1780145593478808,0.5166344529459366
2.7,-0.5212420806034299,0.8115003743772545,-0.5212420806034299,0.8115003743772545
2.8000000000000003,1.6462901115274124,-0.6180671915996829,1.6462901115274124,-0.6180671915996829
2.9000000000000004,0.8233208495094421,0.89049202068207,0.8233208495094421,0.89049202068207
3.0000000000000004,-0.02629607417654169,0.8651885294069949,1.0648191861798282,-1.5051367480449291
3.1,1.7297929224686956,-0.3390080339688726,-0.0915098223441139,-0.9057380789553985
3.2,-0.354985140815544,0.16785489062290476,1.0455214516364557,0.8144835038065882
3.3000000000000003,-0.7842194101540512,-0.23025861124624789,-0.6399147642984486,-0.4330199729712737
3.4000000000000004,-0.339530557424318,-1.906093525153505,0.2540244914261344,-1.1952119883841803
3.5000000000000004,-1.7106728955255714,2.0029052470273987,-0.01775628152075307,-0.5885484693482985
3.6,0.05307307385201477,1.262227021227294,-1.675701074411782,-0.8338165040201656
3.7,-0.37734274609778745,-0.8902685584638154,0.8280900850055422,0.5595777459307054
3.8000000000000003,-0.8901645034449343,1.813681441979243,-0.5683489080619829,0.609380471815805
3.9000000000000004,-0.4874891397822528,0.8413134880715862,-1.9936518397817449,1.295065908684115
4.0,0.08709370762187711,0.7898050524678107,0.3128420198737826,-0.3895308263288449
4.1,-1.6795375298923407,0.6517290011021889,1.3322952006808562,-0.5911718624578015
4.2,-0.7827142273752002,0.36351139240855024,-1.6704092339512775,-0.5601104386234526
4.3,1.3158353950589792,-0.041414074485013774,1.2962056868724259,-0.3204578761675627
4.3999999999999995,1.292283458830922,-0.6206172074795498,0.46718823396748793,1.5234963717303418
4.5,0.03330210218039623,-1.1109082736291989,-0.09954182542428867,1.5172351430490705
4.6,1.320385112518577,0.10789811976120248,-0.6029154447487878,-1.6945829971055903
4.7,0.3532546267039563,-1.485259155495197,-1.2641259896282235,0.6294133463910235
4.8,0.5559644986125823,0.16451730566323358,-0.6393643841634182,2.1691982418893643
4.9,0.5067523633481206,-0.20549839092016556,-1.0732116408437489,-1.2445278996089442
5.0,0.8535756525826371,0.2073431717409816,0.9931416293626091,0.14832964393546438
5.1,0.22082423667855974,-0.4230474476730896,-1.482180580596723,1.4948775309967453
5.2,-1.197054257429113,-1.564628156676593,-1.2412651239364692,1.0597143378419664
5.3,0.41701445949700117,1.1675105237269692,0.599378904368555,-0.8189869415921466
5.4,-1.711507242119887,0.7964172889682269,-0.26147604404648633,-0.2111448275034799
5.5,-0.243764743914759,0.13171369582115494,1.1780145593478808,0.5166344529459366
5.6,-2.272974647877912,1.8228041944523286,-0.5212420806034299,0.8115003743772545
5.7,-0.45892160192470255,-0.21928665016977486,1.6462901115274124,-0.6180671915996829
5.8,1.0166783181626742,0.4569759806468568,0.8233208495094421,0.89049202068207
5.9,-0.6154532433110388,-0.02850457799607224,-0.02629607417654169,0.8651885294069949
6.0,-0.6342028223505696,-0.49309414741212293,1.7297929224686956,-0.3390080339688726
6.1,1.1495499477462896,0.30259325101727846,-0.354985140815544,0.16785489062290476
6.2,0.5172573770011762,-0.5300387732919472,-0.7842194101540512,-0.23025861124624789
6.3,2.2323018639633516,-0.14954650054129592,-0.339530557424318,-1.906093525153505
6.4,-0.32789754552133715,-0.15764536963871603,-1.7106728955255714,2.0029052470273987
6.5,1.3955627043447554,1.1021222853506196,0.05307307385201477,1.262227021227294
6.6,-1.1793455130495192,0.432467499183837,-0.37734274609778745,-0.8902685584638154
6.7,0.2843875234358727,1.853835757239707,-0.8901645034449343,1.813681441979243
6.8,0.7705765158565909,2.2764500349937284,-0.4874891397822528,0.8413134880715862
6.9,1.5131122209754235,1.7052454986852092,0.08709370762187711,0.7898050524678107
7.0,0.1309771523149559,-0.8078984692284118,-1.6795375298923407,0.6517290011021889
7.1,0.857909275056968,1.4958620066836146,-0.7827142273752002,0.36351139240855024
7.2,0.36116262705589863,0.49321982524007657,1.3158353950589792,-0.041414074485013774
7.3,0.054513759690115404,1.3472167914846884,1.292283458830922,-0.6206172074795498
7.4,1.4114615362161091,0.08718219448266476,0.03330210218039623,-1.1109082736291989
7.5,0.0004894269576938119,-0.46086206262527746,1.320385112518577,0.10789811976120248
7.6,-1.000424496078944,-0.294178530858862,0.3532546267039563,-1.485259155495197
7.7,2.1462885820223967,-0.29919519973053244,0.5559644986125823,0.16451730566323358
7.8,1.938307252008915,-0.5596730030394483,0.5067523633481206,-0.20549839092016556
7.9,-0.5199046468357045,-0.8456398286936988,0.8535756525826371,0.2073431717409816
8.0,-0.7076253289395166,0.9082922264463529,0.22082423667855974,-0.4230474476730896
8.1,0.9962535466898355,0.400674257970779,-1.197054257429113,-1.564628156676593
8.2,0.6667355025326985,-1.186546475542403,0.41701445949700117,1.1675105237269692
8.3,-0.3841336258992036,1.0975415799287551,-1.711507242119887,0.7964172889682269
8.4,-0.18966681543530897,-0.43725270688709944,-0.243764743914759,0.13171369582115494
8.5,-1.7480979033190183,0.10420161870913376,-2.272974647877912,1.8228041944523286
8.6,-0.11275172844239474,-0.15171591240089122,-0.45892160192470255,-0.21928665016977486
8.7,0.5558172106926851,-1.040040147173789,1.0166783181626742,0.4569759806468568
8.8,0.28391291392368373,-0.46360142732080284,-0.6154532433110388,-0.02850457799607224
8.9,0.14158309509746636,-0.5147713303656011,-0.6342028223505696,-0.49309414741212293
9.0,0.00464173013345994,-0.30294092229538033,1.1495499477462896,0.30259325101727846
9.1,-1.1821707524854612,0.4686285759923888,0.5172573770011762,-0.5300387732919472
9.2,-1.4203566624187334,-0.7523045719384066,2.2323018639633516,-0.14954650054129592
9.3,-0.2846400291284539,-0.20360830852127101,-0.32789754552133715,-0.15764536963871603
9.4,-1.5575606169852914,-0.3549223937884535,1.3955627043447554,1.1021222853506196
9.5,-0.26323217374764757,-0.8370644542443313,-1.1793455130495192,0.432467499183837
9.6,-0.7005452542960057,-0.953144253524018,0.2843875234358727,1.853835757239707
9.700000000000001,-0.897408100928113,2.129953872999588,0.7705765158565909,2.2764500349937284
9.8,0.3611273119512419,-0.003577701138155765,1.5131122209754235,1.7052454986852092
9.9,-0.8958048929721861,0.38260917334243755,0.1309771523149559,-0.8078984692284118
10.0,-1.4787651157461532,0.5040743094721643,0.857909275056968,1.4958620066836146
10.1,-0.016991417144040052,0.31083655599060017,0.36116262705589863,0.49321982524007657
10.200000000000001,0.6994151728567441,0.7430653567571421,0.054513759690115404,1.3472167914846884
10.3,1.6867016834424984,0.07773969845932618,1.4114615362161091,0.08718219448266476
10.4,-0.3878452811607355,-0.4454445716395211,0.0004894269576938119,-0.46086206262527746
10.5,0.37021233870668124,0.09485894031713238,-1.000424496078944,-0.294178530858862
10.6,0.18131927033435277,-1.226010514434289,2.1462885820223967,-0.29919519973053244
10.700000000000001,1.2122762753617313,1.085060377406005,1.938307252008915,-0.5596730030394483
10.8,-0.15562867407007938,0.7860523100892005,-0.5199046468357045,-0.8456398286936988
10.9,0.4131518676493042,-0.05950971281252146,-0.7076253289395166,0.9082922264463529
11.0,-0.7910994272302614,0.278090905018215,0.9962535466898355,0.400674257970779
11.1,-2.015935899625247,0.21931292951507797,0.6667355025326985,-1.186546475542403
11.200000000000001,-0.09203310090391965,-1.4832999189619813,-0.3841336258992036,1.0975415799287551
11.3,0.347939100483504,-1.5684157360525568,-0.18966681543530897,-0.43725270688709944
11.4,-0.3864624056191724,0.5039104300604501,-1.7480979033190183,0.10420161870913376
11.5,-0.5963711788694595,-0.5197942586641094,-0.11275172844239474,-0.15171591240089122
11.6,-0.20706189418981474,-0.3176559625027184,0.5558172106926851,-1.040040147173789
11.700000000000001,0.8960603288683097,0.09219196924336663,0.28391291392368373,-0.46360142732080284
11.8,-2.2846346063805036,0.278964847460049,0.14158309509746636,-0.5147713303656011
11.9,0.5341978661736546,0.019561522282234074,0.00464173013345994,-0.30294092229538033
12.0,0.9518732389178606,-0.07748799081100362,-1.1821707524854612,0.4686285759923888
12.1,1.392491869734098,0.1875100988984397,-1.4203566624187334,-0.7523045719384066
12.200000000000001,1.2455863151504545,-0.26705510685275824,-0.2846400291284539,-0.20360830852127101
12.3,-0.5806801124148687,0.48867571828266243,-1.5575606169852914,-0.3549223937884535
12.4,0.28045982213349624,0.976300487549618,-0.26323217374764757,-0.8370644542443313
12.5,0.46804495691918346,-0.5714597368682828,-0.7005452542960057,-0.953144253524018
12.6,0.7824859959432603,-0.24386439225462397,-0.897408100928113,2.129953872999588
12.700000000000001,1.043501541168647,0.9570498216700458,0.3611273119512419,-0.003577701138155765
12.8,1.4123950107222794,-0.3315544653501383,-0.8958048929721861,0.38260917334243755
12.9,0.9308900606446655,1.13871616935585,-1.4787651157461532,0.5040743094721643
13.0,-0.24399740188974006,-1.1564611698948906,-0.016991417144040052,0.31083655599060017
13.1,-1.188104504351843,-1.0020609331668073,0.6994151728567441,0.7430653567571421
13.200000000000001,-0.2233018061829418,0.7839323078274463,1.6867016834424984,0.07773969845932618
13.3,-0.17715868427734782,1.9487331625314221,-0.3878452811607355,-0.4454445716395211
13.4,-0.7308087895669272,2.361030957932734,0.37021233870668124,0.09485894031713238
13.5,1.7440483021730009,-0.7234039963311785,0.18131927033435277,-1.226010514434289
13.6,-2.161390693574015,-0.3196561628446012,1.2122762753617313,1.085060377406005
13.700000000000001,1.2230193972574641,1.5083984811704374,-0.15562867407007938,0.7860523100892005
13.8,-1.5749227964899417,-1.7105973148057299,0.4131518676493042,-0.05950971281252146
13.9,0.06757503383401588,-0.18043258102188453,-0.7910994272302614,0.278090905018215
14.0,1.1683832982139764,-1.8601662519373088,-2.015935899625247,0.21931292951507797
14.1,-1.205130627683489,-0.3924313040590988,-0.09203310090391965,-1.4832999189619813
14.200000000000001,0.45927485463777173,-0.44622595003606086,0.347939100483504,-1.5684157360525568
14.3,0.04818566836732551,1.0674293941372335,-0.3864624056191724,0.5039104300604501
14.4,-0.6952669501757452,-1.4454188802987826,-0.5963711788694595,-0.5197942586641094
14.5,-0.39745045520001115,-0.16040992681954352,-0.20706189418981474,-0.3176559625027184
14.6,-1.0258433926080366,-1.7175298886820405,0.8960603288683097,0.09219196924336663
14.700000000000001,0.8241337708664995,-0.11714825626221141,-2.2846346063805036,0.278964847460049
14.8,0.008593053455703924,-0.11641072874844435,0.5341978661736546,0.019561522282234074
14.9,-0.0615719194340544,-0.5347131345226833,0.9518732389178606,-0.07748799081100362
15.0,0.8233401653463018,1.0106182924333007,1.392491869734098,0.1875100988984397
15.1,-0.8484044446805109,1.4858286068396245,1.2455863151504545,-0.26705510685275824
15.200000000000001,-0.017828620667885136,2.0547931601490674,-0.5806801124148687,0.48867571828266243
15.3,0.8063381717413406,-0.28533059227723606,0.28045982213349624,0.976300487549618
15.4,0.027357684925102176,-0.3543473842594292,0.46804495691918346,-0.5714597368682828
15.5,0.3906920032715039,0.9824991216147627,0.7824859959432603,-0.24386439225462397
15.6,-0.14315174111638698,-0.3744206678144374,1.043501541168647,0.9570498216700458
15.700000000000001,0.8022508844558286,-1.806297805976729,1.4123950107222794,-0.3315544653501383
15.8,0.9425479677979183,-0.27776436895053375,0.9308900606446655,1.13871616935585
15.9,-0.3662121330292788,0.6780833552081463,-0.24399740188974006,-1.1564611698948906
16.0,-0.5592663672771794,1.9180945855019313,-1.188104504351843,-1.0020609331668073
16.1,0.03194632253436586,-0.6816670626130712,-0.2233018061829418,0.7839323078274463
16.200000000000003,1.0572203663529767,-1.0679283719960047,-0.17715868427734782,1.9487331625314221
16.3,-0.34924298064188153,0.2815868791943511,-0.7308087895669272,2.361030957932734
16.400000000000002,1.0184416587029723,1.0335601089041473,1.7440483021730009,-0.7234039963311785
16.500000000000004,-0.5083930826926115,0.4924960616360882,-2.161390693574015,-0.3196561628446012
16.6,2.0440953378336593,-1.0586775922701466,1.2230193972574641,1.5083984811704374
16.700000000000003,-1.5930595169011792,0.029807765553682725,-1.5749227964899417,-1.7105973148057299
16.8,-0.6973017895633542,-0.03736570344756939,0.06757503383401588,-0.18043258102188453
16.900000000000002,1.5108506032785387,0.4970804252245929,1.1683832982139764,-1.8601662519373088
17.000000000000004,-0.009829251802008745,-0.393394399577535,-1.205130627683489,-0.3924313040590988
17.1,1.6271552283648567,0.9596579810965368,0.45927485463777173,-0.44622595003606086
17.200000000000003,-0.6464928139389078,-0.3586376087084714,0.04818566836732551,1.0674293941372335
17.3,0.7573350161191822,1.0574992772381442,-0.6952669501757452,-1.4454188802987826
17.400000000000002,0.3243417097601163,0.7132386232053255,-0.39745045520001115,-0.16040992681954352
17.500000000000004,0.35735456720722303,-0.9870067548950977,-1.0258433926080366,-1.7175298886820405
17.6,-2.2848532637818595,0.9482643749926871,0.8241337708664995,-0.11714825626221141
17.700000000000003,0.8089761762408381,0.1853566899583699,0.008593053455703924,-0.11641072874844435
17.8,-0.394080729202156,0.9567460645876825,-0.0615719194340544,-0.5347131345226833
17.900000000000002,0.9216855338844664,1.5663746743621276,0.8233401653463018,1.0106182924333007
18.000000000000004,-0.10595959355032077,0.5541195517083687,-0.8484044446805109,1.4858286068396245
18.1,-0.14309763083500746,-0.8663532973424011,-0.017828620667885136,2.0547931601490674
18.200000000000003,-1.324758493724601,0.6415373583427473,0.8063381717413406,-0.28533059227723606
18.3,0.4722910315069262,1.4751349333827413,0.027357684925102176,-0.3543473842594292
18.400000000000002,-1.0640252197180984,-0.6518061289651552,0.3906920032715039,0.9824991216147627
18.500000000000004,0.8731656986143627,1.4696613863671504,-0.14315174111638698,-0.3744206678144374
18.6,-1.4668219424273703,0.6043232805472067,0.8022508844558286,-1.806297805976729
18.700000000000003,-0.28505487170377153,2.0733381582966417,0.9425479677979183,-0.27776436895053375
18.8,0.2239333228836954,-1.8670692254765517,-0.3662121330292788,0.6780833552081463
18.900000000000002,1.75853373331442,0.8083849127306976,-0.5592663672771794,1.9180945855019313
19.000000000000004,-0.531231424977183,-0.12381503613849236,0.03194632253436586,-0.6816670626130712
19.1,-1.7642417573457627,-2.005098623219991,1.0572203663529767,-1.0679283719960047
19.200000000000003,-1.1341238215872473,1.682011467732909,-0.34924298064188153,0.2815868791943511
19.300000000000004,-0.8935315322105537,-0.7407853761729858,1.0184416587029723,1.0335601089041473
19.400000000000002,-1.390108782044699,-0.3256328371553371,-0.5083930826926115,0.4924960616360882
19.500000000000004,-0.9900301389003512,0.4350708085719461,2.0440953378336593,-1.0586775922701466
19.6,0.5846933275545295,-0.8267571609981766,-1.5930595169011792,0.029807765553682725
19.700000000000003,-0.003838091189531163,0.16612668318922041,-0.6973017895633542,-0.03736570344756939
19.800000000000004,1.2090528337327793,-1.5171163115080175,1.5108506032785387,0.4970804252245929
19.900000000000002,0.7536831858577578,-0.02970230391897938,-0.009829251802008745,-0.393394399577535
20.000000000000004,-0.0386686309986404,-0.8638212082213349,1.6271552283648567,0.9596579810965368
20.1,0.3711255223363652,-1.4803188531912224,-0.6464928139389078,-0.3586376087084714
20.200000000000003,1.1422671624305338,0.495917573972679,0.7573350161191822,1.0574992772381442
20.300000000000004,0.6317056441477454,0.7742252963098013,0.3243417097601163,0.7132386232053255
20.400000000000002,-0.8565537487956444,-1.0952448886329715,0.35735456720722303,-0.9870067548950977
20.500000000000004,-1.405059798418486,-0.42024021024954533,-2.2848532637818595,0.9482643749926871
20.6,0.7407852121149664,-1.0274712473049443,0.8089761762408381,0.1853566899583699
20.700000000000003,-2.095712404301037,-1.3944352752571796,-0.394080729202156,0.9567460645876825
20.800000000000004,-0.4757546208748013,-1.7568528574777185,0.9216855338844664,1.5663746743621276
20.900000000000002,-0.9445306579112406,-0.0463067788600528,-0.10595959355032077,0.5541195517083687
21.000000000000004,-0.9454172051691622,0.17221879461970369,-0.14309763083500746,-0.8663532973424011
21.1,-1.3776456234349643,-0.6447544198875655,-1.324758493724601,0.6415373583427473
21.200000000000003,-1.599189004003058,-0.6042550223075684,0.4722910315069262,1.4751349333827413
21.300000000000004,-0.1968474885347355,-0.3174764245458152,-1.0640252197180984,-0.6518061289651552
21.400000000000002,-0.3017273227350296,0.8661984905881455,0.8731656986143627,1.4696613863671504
21.500000000000004,-1.7482513212178592,-0.27598132963226474,-1.4668219424273703,0.6043232805472067
21.6,1.157760498093205,-0.7330417328833144,-0.28505487170377153,2.0733381582966417
21.700000000000003,2.655991605028792,-2.345873819940816,0.2239333228836954,-1.8670692254765517
21.800000000000004,1.0846348460068134,-0.5037097089388017,1.75853373331442,0.8083849127306976
21.900000000000002,0.008035035393758347,-0.3190962895030719,-0.531231424977183,-0.12381503613849236
22.000000000000004,-0.9106986330879414,-1.9326533946389493,-1.7642417573457627,-2.005098623219991
22.1,-0.5162587650596518,0.30484399901313336,-1.1341238215872473,1.682011467732909
22.200000000000003,-0.13026335785210133,0.0037759568743444966,-0.8935315322105537,-0.7407853761729858
22.300000000000004,0.17474994412642866,1.0111939274253685,-1.390108782044699,-0.3256328371553371
22.400000000000002,0.03713750986762135,-0.000866086885072622,-0.9900301389003512,0.4350708085719461
22.500000000000004,0.6715679735384937,0.443250047351584,0.5846933275545295,-0.8267571609981766
22.6,0.42436841798537756,-0.5300005516232997,-0.003838091189531163,0.16612668318922041
22.700000000000003,1.0671553508251435,-0.20488068755733962,1.2090528337327793,-1.5171163115080175
22.800000000000004,-0.12004200398637792,-0.46340378545605265,0.7536831858577578,-0.02970230391897938
22.900000000000002,-0.7549304230057529,0.050447185793015076,-0.0386686309986404,-0.8638212082213349
23.000000000000004,-0.10621912437512859,-0.8369544595388625,0.3711255223363652,-1.4803188531912224
23.1,-2.0183434921700774,-0.13602528554699833,1.1422671624305338,0.495917573972679
23.200000000000003,0.8910208353518668,-0.07525579857315003,0.6317056441477454,0.7742252963098013
23.300000000000004,-0.970000350565986,1.4321666151177628,-0.8565537487956444,-1.0952448886329715
23.400000000000002,-0.2886617279694801,-1.7737611530192825,-1.405059798418486,-0.42024021024954533
23.500000000000004,-0.5497330211289776,0.9948255377636039,0.7407852121149664,-1.0274712473049443
23.6,-0.06934011268121669,-1.0211928988760008,-2.095712404301037,-1.3944352752571796
23.700000000000003,0.6730830229162031,-0.9897141695379745,-0.4757546208748013,-1.7568528574777185
23.800000000000004,1.58602121522934,-0.7257086329392637,-0.9445306579112406,-0.0463067788600528
23.900000000000002,-1.0915150524888122,-0.36814187645519236,-0.9454172051691622,0.17221879461970369
24.000000000000004,-0.7403255163607445,0.6979167905143334,-1.3776456234349643,-0.6447544198875655
24.1,0.8506959415701784,-0.42258502697488726,-1.599189004003058,-0.6042550223075684
24.200000000000003,0.730861270419066,0.5928105248068254,-0.1968474885347355,-0.3174764245458152
24.300000000000004,1.7010915822080173,-0.1224505083132871,-0.3017273227350296,0.8661984905881455
24.400000000000002,0.4683253134709794,0.21051238803157313,-1.7482513212178592,-0.27598132963226474
24.500000000000004,-0.03024862694104664,-0.6109455165778266,1.157760498093205,-0.7330417328833144
24.6,-0.4740646609351573,-0.39734278072651036,2.655991605028792,-2.345873819940816
24.700000000000003,-0.05792958037661363,-0.7131599115504351,1.0846348460068134,-0.5037097089388017
24.800000000000004,0.4538782619104345,1.2519713494628188,0.008035035393758347,-0.3190962895030719
24.900000000000002,-0.4224185619051759,1.4920561417469604,-0.9106986330879414,-1.9326533946389493
25.000000000000004,0.268872978877248,0.6656607343730163,-0.5162587650596518,0.30484399901313336
25.1,-1.9876673208403683,0.7143656302450704,-0.13026335785210133,0.0037759568743444966
25.200000000000003,0.15780820400890166,0.2421961589161305,0.17474994412642866,1.0111939274253685
25.300000000000004,-0.28254304686719184,-1.010453091885556,0.03713750986762135,-0.000866086885072622
25.400000000000002,1.0198870410531378,-0.9419489169448748,0.6715679735384937,0.443250047351584
25.500000000000004,-0.4054982660518282,1.1505024246539783,0.42436841798537756,-0.5300005516232997
25.6,-1.3020337272168707,1.4802153396407247,1.0671553508251435,-0.20488068755733962
25.700000000000003,-1.059590187999841,1.3997007498093077,-0.12004200398637792,-0.46340378545605265
25.800000000000004,0.7402738339941451,0.0519148310676376,-0.7549304230057529,0.050447185793015076
25.900000000000002,-1.3990405390255312,0.560115544108003,-0.10621912437512859,-0.8369544595388625
26.000000000000004,-0.21331846653227046,2.0462884596040714,-2.0183434921700774,-0.13602528554699833
26.1,-1.6718585720121262,-1.4415257050269505,0.8910208353518668,-0.07525579857315003
26.200000000000003,-0.5851055672227486,-1.3069178782730653,-0.970000350565986,1.4321666151177628
26.300000000000004,0.4799656184636088,2.2169498950380384,-0.2886617279694801,-1.7737611530192825
26.400000000000002,0.5515705136349044,-0.06828883714755693,-0.5497330211289776,0.9948255377636039
26.500000000000004,1.0200064475306199,-1.0561017534067123,-0.06934011268121669,-1.0211928988760008
26.6,-0.9771394974658961,0.2822808352466396,0.6730830229162031,-0.9897141695379745
26.700000000000003,0.4725333595154077,0.19232274589931328,1.58602121522934,-0.7257086329392637
26.800000000000004,0.21838742903130864,-0.4458941557468077,-1.0915150524888122,-0.36814187645519236
26.900000000000002,-0.7322481506670597,0.3851288056998106,-0.7403255163607445,0.6979167905143334
27.000000000000004,0.7614188305013239,0.3020997768953362,0.8506959415701784,-0.42258502697488726
27.1,1.3796871090491145,-0.3979726642446142,0.730861270419066,0.5928105248068254
27.200000000000003,2.3627063638327113,1.8124416626090443,1.7010915822080173,-0.1224505083132871
27.300000000000004,-0.47190510897028853,-1.1475619867287308,0.4683253134709794,0.21051238803157313
27.400000000000002,-0.26348134017972913,0.39914796205013986,-0.03024862694104664,-0.6109455165778266
27.500000000000004,0.8083673958820052,-0.49176917204130405,-0.4740646609351573,-0.39734278072651036
27.6,-0.5345141828786383,-1.0855633354579348,-0.05792958037661363,-0.7131599115504351
27.700000000000003,-0.605474457553076,0.5694360809195254,0.4538782619104345,1.2519713494628188
27.800000000000004,0.1272645629126615,-1.2194448976402483,-0.4224185619051759,1.4920561417469604
27.900000000000002,2.2120932096278927,2.2827498180829235,0.268872978877248,0.6656607343730163
28.000000000000004,0.48128327039141117,-0.3570622532225393,-1.9876673208403683,0.7143656302450704
28.1,-0.023784780870837952,-0.5633263238966242,0.15780820400890166,0.2421961589161305
28.200000000000003,0.48087614990308053,-0.07476204568928821,-0.28254304686719184,-1.010453091885556
28.300000000000004,-1.3864032742006291,0.8102650500842441,1.0198870410531378,-0.9419489169448748
28.400000000000002,2.879085548471486,-0.18339718678744388,-0.4054982660518282,1.1505024246539783
28.500000000000004,0.8892647374772951,-1.553402378106329,-1.3020337272168707,1.4802153396407247
28.6,2.6947649517529766,-0.4092206619268246,-1.059590187999841,1.3997007498093077
28.700000000000003,1.01855156759229,0.2656059044897222,0.7402738339941451,0.0519148310676376
28.800000000000004,-0.19020676018840513,-0.48418470006706016,-1.3990405390255312,0.560115544108003
28.900000000000002,-0.1477817606155437,-1.554739529754297,-0.21331846653227046,2.0462884596040714
29.000000000000004,0.43581091859674315,1.9961747367990545,-1.6718585720121262,-1.4415257050269505
29.1,-0.1947792837140517,2.0371380066795375,-0.5851055672227486,-1.3069178782730653
29.200000000000003,0.8575592458399123,-1.0833514959751829,0.4799656184636088,2.2169498950380384
29.300000000000004,-0.5302194604957133,-0.5063751434335061,0.5515705136349044,-0.06828883714755693
29.400000000000002,-0.9154746947407639,1.0767070544652027,1.0200064475306199,-1.0561017534067123
29.500000000000004,-0.04938646985920751,-0.13955389262372558,-0.9771394974658961,0.2822808352466396
29.6,1.783489469010823,-0.8898685541509702,0.4725333595154077,0.19232274589931328
29.700000000000003,0.1660192939524885,1.539161566576396,0.21838742903130864,-0.4458941557468077
29.800000000000004,0.28504050046818463,-1.5879161782329645,-0.7322481506670597,0.3851288056998106
29.900000000000002,-0.6022215024446028,-1.8673900626058844,0.7614188305013239,0.3020997768953362
30.000000000000004,-1.0311811338449621,-0.7331619250393817,1.3796871090491145,-0.3979726642446142
30.1,-3.088763215575165,0.738716765786495,2.3627063638327113,1.8124416626090443
30.200000000000003,-1.1092944865710024,0.42635989980089783,-0.47190510897028853,-1.1475619867287308
30.300000000000004,0.21756368976943283,0.13268267951869717,-0.26348134017972913,0.39914796205013986
30.400000000000002,0.5908330216219481,0.29975910161700275,0.8083673958820052,-0.49176917204130405
30.500000000000004,-1.5309192404970093,0.2561909888422422,-0.5345141828786383,-1.0855633354579348
30.6,-0.5033530383242374,-0.49506501595514435,-0.605474457553076,0.5694360809195254
30.700000000000003,-0.5074307012895828,-0.04657096805548771,0.1272645629126615,-1.2194448976402483
30.800000000000004,-2.4112688705128953,0.8893644267608715,2.2120932096278927,2.2827498180829235
30.900000000000002,0.7252204545872144,-0.3725951875525925,0.48128327039141117,-0.3570622532225393
31.000000000000004,0.6563192824271559,1.3702089964868271,-0.023784780870837952,-0.5633263238966242
31.1,0.12298334850831266,0.30695240073870966,0.48087614990308053,-0.07476204568928821
31.200000000000003,0.10989275571877305,0.012594563191772979,-1.3864032742006291,0.8102650500842441
31.300000000000004,0.9155471119335312,0.518794599161378,2.879085548471486,-0.18339718678744388
31.400000000000002,0.828418815204204,0.29992353492917684,0.8892647374772951,-1.553402378106329
31.500000000000004,-1.8771777892543482,0.9028128794677948,2.6947649517529766,-0.4092206619268246
31.6,2.353701237481047,-0.31698475226042505,1.01855156759229,0.2656059044897222
31.700000000000003,0.7910485187067842,-0.5274742269012276,-0.19020676018840513,-0.48418470006706016
31.800000000000004,-0.09990233751579787,-1.210180153049649,-0.1477817606155437,-1.554739529754297
31.900000000000002,-0.3289040240879887,-0.9179403201347088,0.43581091859674315,1.9961747367990545
32.0,2.776988168722288,2.106576535819741,-0.1947792837140517,2.0371380066795375
32.1,0.6611955817212188,1.0939257265956026,0.8575592458399123,-1.0833514959751829
32.2,0.46470710728130976,0.7098162444366216,-0.5302194604957133,-0.5063751434335061
32.300000000000004,-0.6377825719832282,0.6306483523997759,-0.9154746947407639,1.0767070544652027
32.400000000000006,-1.23318165089021,1.4028014958256712,-0.04938646985920751,-0.13955389262372558
32.5,0.543214358271811,-0.24376481248683285,1.783489469010823,-0.8898685541509702
32.6,1.101429698523673,0.3757643953189253,0.1660192939524885,1.539161566576396
32.7,-0.7083963953046656,0.8295183738352522,0.28504050046818463,-1.5879161782329645
32.800000000000004,0.9652751293146659,-0.555189877724926,-0.6022215024446028,-1.8673900626058844
32.900000000000006,0.5137337219746243,-0.23182101263772995,-1.0311811338449621,-0.7331619250393817
33.0,-0.6301664834217794,-0.29638987576245945,-3.088763215575165,0.738716765786495
33.1,-0.05748205977344383,-0.8935068355510913,-1.1092944865710024,0.42635989980089783
33.2,0.2846761337566963,-1.0251665107321264,0.21756368976943283,0.13268267951869717
33.300000000000004,1.4875516737545114,-0.6045776279903847,0.5908330216219481,0.29975910161700275
33.400000000000006,2.011571119859325,1.196585167646181,-1.5309192404970093,0.2561909888422422
33.5,-0.37690723206715526,0.48367908055824643,-0.5033530383242374,-0.49506501595514435
33.6,1.6931995998393807,-0.22896604022064504,-0.5074307012895828,-0.04657096805548771
33.7,-1.5839929608709353,0.8629700079370949,-2.4112688705128953,0.8893644267608715
33.800000000000004,-0.019625238102852844,-0.060801138538431165,0.7252204545872144,-0.3725951875525925
33.900000000000006,-0.8797553619135043,-0.4422431002834125,0.6563192824271559,1.3702089964868271
34.0,-0.356650536266236,-0.04274614386214941,0.12298334850831266,0.30695240073870966
34.1,1.1115451060782884,-1.08242453071272,0.10989275571877305,0.012594563191772979
34.2,0.2913231977778715,0.6107214417302308,0.9155471119335312,0.518794599161378
34.300000000000004,0.6771991201648903,0.09365144760162622,0.828418815204204,0.29992353492917684
34.400000000000006,0.5143865013443829,-0.13324845476194638,-1.8771777892543482,0.9028128794677948
34.5,-0.09320913421463482,0.21727485585204706,2.353701237481047,-0.31698475226042505
34.6,-0.7818075578993583,1.5648850688102651,0.7910485187067842,-0.5274742269012276
34.7,0.7472395722577105,-0.5795245371057891,-0.09990233751579787,-1.210180153049649
34.800000000000004,-1.3860014056363683,0.7999186031914473,-0.3289040240879887,-0.9179403201347088
34.900000000000006,-1.3994774027943842,-1.175016006230675,2.776988168722288,2.106576535819741
35.0,-0.6921653073488055,-0.31338626410790016,0.6611955817212188,1.0939257265956026
35.1,0.2798064891074432,0.7390410509167791,0.46470710728130976,0.7098162444366216
35.2,-0.5700408671558029,0.16607899816165855,-0.6377825719832282,0.6306483523997759
35.300000000000004,-1.1488993906081013,-1.4073984317855293,-1.23318165089021,1.4028014958256712
35.400000000000006,-0.2638443475464443,2.2028076292272964,0.543214358271811,-0.24376481248683285
35.5,0.4462745239566292,-1.2010588345392694,1.101429698523673,0.3757643953189253
35.6,0.962335558034909,-1.1474742408284855,-0.7083963953046656,0.8295183738352522
35.7,0.7346513516637524,-0.5297163108691926,0.9652751293146659,-0.555189877724926
35.800000000000004,-1.7388173253122812,-0.068571252641605,0.5137337219746243,-0.23182101263772995
35.900000000000006,0.30635360305621195,-0.526662120251006,-0.6301664834217794,-0.29638987576245945
36.0,0.38047909088925114,0.3823536800439341,-0.05748205977344383,-0.8935068355510913
36.1,-0.5666882035614104,-0.7367794997180153,0.2846761337566963,-1.0251665107321264
36.2,-1.2702251820099937,1.030298815982069,1.4875516737545114,-0.6045776279903847
36.300000000000004,0.5864618771395983,0.8182883388575148,2.011571119859325,1.196585167646181
36.400000000000006,1.152771652343204,2.3906159107518024,-0.37690723206715526,0.48367908055824643
36.5,-0.749284539371738,-1.2072970017267215,1.6931995998393807,-0.22896604022064504
36.6,-0.8259527691766549,-1.4785166706369115,-1.5839929608709353,0.8629700079370949
36.7,0.018582116519244414,-0.38888738904289044,-0.019625238102852844,-0.060801138538431165
36.800000000000004,-2.20166264113816,-0.19763625436998739,-0.8797553619135043,-0.4422431002834125
36.900000000000006,1.1937320097332735,-1.1260035403990987,-0.356650536266236,-0.04274614386214941
37.0,-1.2165364596165376,0.9224132768744102,1.1115451060782884,-1.08242453071272
37.1,0.0242883888310614,-1.8398732940364222,0.2913231977778715,0.6107214417302308
37.2,-0.08633058856215457,-0.9076811698951297,0.6771991201648903,0.09365144760162622
37.300000000000004,-0.5093520542755949,0.3011667516958946,0.5143865013443829,-0.13324845476194638
37.400000000000006,-2.3082130879170584,1.6736566196134408,-0.09320913421463482,0.21727485585204706
37.5,-0.900812573697138,-0.07733874645396509,-0.7818075578993583,1.5648850688102651
37.6,-0.9781981124038658,-0.796799712633512,0.7472395722577105,-0.5795245371057891
37.7,1.3694486430557058,-0.23460937159192663,-1.3860014056363683,0.7999186031914473
37.800000000000004,0.566517508208403,0.7890114675181406,-1.3994774027943842,-1.175016006230675
37.900000000000006,-0.06548760969422224,2.01232448342912,-0.6921653073488055,-0.31338626410790016
38.0,2.0120201219116653,-1.9321700476979227,0.2798064891074432,0.7390410509167791
38.1,0.06540893272558386,-0.23506594337012715,-0.5700408671558029,0.16607899816165855
38.2,-0.848819012875546,-0.06069157086616761,-1.1488993906081013,-1.4073984317855293
38.300000000000004,-0.4624950931582358,0.24714695053546545,-0.2638443475464443,2.2028076292272964
38.400000000000006,0.5768235603894982,0.0798875047081077,0.4462745239566292,-1.2010588345392694
38.50000000000001,-0.7887578281035457,-0.5126744946172815,0.962335558034909,-1.1474742408284855
38.6,-1.5081906646053689,-0.26183878144448053,0.7346513516637524,-0.5297163108691926
38.7,0.6864738616494339,0.6242919859267945,-1.7388173253122812,-0.068571252641605
38.800000000000004,-0.6682094489353229,-0.17635394604931126,0.30635360305621195,-0.526662120251006
38.900000000000006,-0.45678434633499415,-0.5748715502512484,0.38047909088925114,0.3823536800439341
39.00000000000001,-0.2967785716616864,0.007351739451497095,-0.5666882035614104,-0.7367794997180153
39.1,1.2367234831280438,0.7540565740603212,-1.2702251820099937,1.030298815982069
39.2,-0.34126634347666734,-0.7539200173103133,0.5864618771395983,0.8182883388575148
39.300000000000004,0.43243787382529214,-0.3548953869841121,1.152771652343204,2.3906159107518024
39.400000000000006,0.2484126223193999,0.706627636480353,-0.749284539371738,-1.2072970017267215
39.50000000000001,0.4449713252226504,-1.9296024235664688,-0.8259527691766549,-1.4785166706369115
39.6,-0.3697860644255832,-1.1217693251521161,0.018582116519244414,-0.38888738904289044
39.7,-0.08607420296143757,-0.3494294700533848,-2.20166264113816,-0.19763625436998739
39.800000000000004,0.8209933541721803,0.6980092893700884,1.1937320097332735,-1.1260035403990987
39.900000000000006,-0.890954294174452,-0.276460437224197,-1.2165364596165376,0.9224132768744102
40.00000000000001,0.41880588117481515,-0.4619814327364256,0.0242883888310614,-1.8398732940364222
40.1,-1.0457572442104979,-0.8421616509136778,-0.08633058856215457,-0.9076811698951297
40.2,-1.2509464402525317,-0.23440749673511563,-0.5093520542755949,0.3011667516958946
40.300000000000004,0.960513380958588,0.5957891116980331,-2.3082130879170584,1.6736566196134408
40.400000000000006,0.31941317288490256,-0.6863914284227283,-0.900812573697138,-0.07733874645396509
40.50000000000001,-1.5096575132311831,1.586399962124048,-0.9781981124038658,-0.796799712633512
40.6,-0.5526371012659814,1.4917034776192566,1.3694486430557058,-0.23460937159192663
40.7,0.40997807408338466,-0.06223367003344985,0.566517508208403,0.7890114675181406
40.800000000000004,0.5536088207789953,-0.28175118154328177,-0.06548760969422224,2.01232448342912
40.900000000000006,-0.39864652726442673,-0.2777644663381291,2.0120201219116653,-1.9321700476979227
41.00000000000001,-0.15464856196766955,-0.05107735802262984,0.06540893272558386,-0.23506594337012715
41.1,-0.7151759548807716,0.5640838256189337,-0.848819012875546,-0.06069157086616761
41.2,-0.7693950492538998,1.1451798423636363,-0.4624950931582358,0.24714695053546545
41.300000000000004,2.0323508417845297,-0.1739106337455778,0.5768235603894982,0.0798875047081077
41.400000000000006,0.03260932542084614,0.7978327145311727,-0.7887578281035457,-0.5126744946172815
41.50000000000001,0.6329931915081247,-0.4735356549209177,-1.5081906646053689,-0.26183878144448053
41.6,-1.0820906346718029,-0.10952457013646201,0.6864738616494339,0.6242919859267945
41.7,0.06465586314832635,0.21911874077673632,-0.6682094489353229,-0.17635394604931126
41.800000000000004,-2.0244477457135512,-0.07925988598836498,-0.45678434633499415,-0.5748715502512484
41.900000000000006,-0.5973615113623552,-0.33640298551301145,-0.2967785716616864,0.007351739451497095
42.00000000000001,-0.08919093200654488,0.7706024381847907,1.2367234831280438,0.7540565740603212
42.1,0.6443730675942088,-0.752335920143337,-0.34126634347666734,-0.7539200173103133
42.2,-0.07994818401214533,0.543061209768728,0.43243787382529214,-0.3548953869841121
42.300000000000004,0.535302075918647,0.0905114087669415,0.2484126223193999,0.706627636480353
42.400000000000006,2.486352849072734,-0.8925925599900701,0.4449713252226504,-1.9296024235664688
42.50000000000001,0.04382555524523608,-0.6496155346063426,-0.3697860644255832,-1.1217693251521161
42.6,-0.2801051348508201,0.7758591020146993,-0.08607420296143757,-0.3494294700533848
42.7,0.586268764943284,-1.2292333873966628,0.8209933541721803,0.6980092893700884
42.800000000000004,0.3055035252214499,-1.9461123003663998,-0.890954294174452,-0.276460437224197
42.900000000000006,-0.18684016441638854,-0.29035988979501554,0.41880588117481515,-0.4619814327364256
43.00000000000001,-0.8095856452667965,-0.5241074581002223,-1.0457572442104979,-0.8421616509136778
43.1,1.30731074924739,-0.5709277371973482,-1.2509464402525317,-0.23440749673511563
43.2,-0.7480797089593814,0.3979351844134826,0.960513380958588,0.5957891116980331
43.300000000000004,0.7542990750020441,-0.358867671328259,0.31941317288490256,-0.6863914284227283
43.400000000000006,-0.0918753553824934,-0.2778157527099083,-1.5096575132311831,1.586399962124048
43.50000000000001,-0.47636983544362094,1.1335504456302348,-0.5526371012659814,1.4917034776192566
43.6,-1.4821643807674805,0.45818011595661456,0.40997807408338466,-0.06223367003344985
43.7,0.04231159914248172,0.17283425940222652,0.5536088207789953,-0.28175118154328177
43.800000000000004,0.7673840210837866,0.4135057096630103,-0.39864652726442673,-0.2777644663381291
43.900000000000006,0.16359109309722303,0.28758584770042833,-0.15464856196766955,-0.05107735802262984
44.00000000000001,0.41297593916749,-1.15245008913625,-0.7151759548807716,0.5640838256189337
44.1,-1.478474742346679,0.384761370701539,-0.7693950492538998,1.1451798423636363
44.2,-0.34069061160670533,0.1409216097087993,2.0323508417845297,-0.1739106337455778
44.300000000000004,0.16094124032545365,-0.6324402610110826,0.03260932542084614,0.7978327145311727
44.400000000000006,1.0299435381274533,1.730441390777881,0.6329931915081247,-0.4735356549209177
44.50000000000001,-0.718519927498844,-0.6015868218248346,-1.0820906346718029,-0.10952457013646201
44.6,-0.28651912405205865,-0.9341915442823573,0.06465586314832635,0.21911874077673632
44.7,-0.7835142571055801,-1.435818524150737,-2.0244477457135512,-0.07925988598836498
44.800000000000004,-0.8406330155222629,-0.27567228335129834,-0.5973615113623552,-0.33640298551301145
44.900000000000006,0.7790932265936337,-0.608351175463777,-0.08919093200654488,0.7706024381847907
45.00000000000001,-2.1643224104718244,-0.22666432727864902,0.6443730675942088,-0.752335920143337
45.1,-1.3637629173353472,-0.20017869359223092,-0.07994818401214533,0.543061209768728
45.2,-0.10163798017505181,1.0910466600323359,0.535302075918647,0.0905114087669415
45.300000000000004,0.2737904689585657,0.44646977879460137,2.486352849072734,-0.8925925599900701
45.400000000000006,1.1853428410827578,-0.03337006375937183,0.04382555524523608,-0.6496155346063426
45.50000000000001,0.9084758484089931,-0.6644433466547442,-0.2801051348508201,0.7758591020146993
45.6,0.8582395039914432,0.03700524804085817,0.586268764943284,-1.2292333873966628
45.7,-0.34515019047922085,0.7180129018556359,0.3055035252214499,-1.9461123003663998
45.800000000000004,-1.5078084096993483,-0.22254769352431855,-0.18684016441638854,-0.29035988979501554
45.900000000000006,-1.3438383481852472,0.26550754825865486,-0.8095856452667965,-0.5241074581002223
46.00000000000001,0.7323768709052682,-0.12854285537833518,1.30731074924739,-0.5709277371973482
46.1,0.7556241222204463,1.712138170955616,-0.7480797089593814,0.3979351844134826
46.2,0.7831184682884904,1.3430229146981651,0.7542990750020441,-0.358867671328259
46.300000000000004,-0.281208579892626,-0.24209101744567954,-0.0918753553824934,-0.2778157527099083
46.400000000000006,0.11467761800991955,1.9691313918174007,-0.47636983544362094,1.1335504456302348
46.50000000000001,-0.7919186167731229,-0.7215967257027169,-1.4821643807674805,0.45818011595661456
46.6,0.45957595322254935,0.4507852306733199,0.04231159914248172,0.17283425940222652
46.7,-0.16090953045525871,-2.0692500525142363,0.7673840210837866,0.4135057096630103
46.800000000000004,0.24784262556272754,2.312345418837014,0.16359109309722303,0.28758584770042833
46.900000000000006,0.9893968095221276,1.614513709694191,0.41297593916749,-1.15245008913625
47.00000000000001,0.5092660859541397,0.8895242234090273,-1.478474742346679,0.384761370701539
47.1,0.22073258870170187,1.3294839618984144,-0.34069061160670533,0.1409216097087993
47.2,-0.2197280546183258,0.9396565746647856,0.16094124032545365,-0.6324402610110826
47.300000000000004,-1.0100326387867413,0.9499008020756898,1.0299435381274533,1.730441390777881
47.400000000000006,0.28025365410733405,0.9915807588198262,-0.718519927498844,-0.6015868218248346
47.50000000000001,0.2723307245676543,2.4074479919226026,-0.28651912405205865,-0.9341915442823573
47.6,0.47232706516054773,0.6042489294085762,-0.7835142571055801,-1.435818524150737
47.7,-0.4695779300244955,-1.3639011392730753,-0.8406330155222629,-0.27567228335129834
47.800000000000004,-0.5837385102177046,0.11328917129606732,0.7790932265936337,-0.608351175463777
47.900000000000006,-1.1451616453681588,-1.2989544554954333,-2.1643224104718244,-0.22666432727864902
48.00000000000001,0.908946576935919,1.5975403241744703,-1.3637629173353472,-0.20017869359223092
48.1,-0.057297094019499444,1.6463036114580962,-0.10163798017505181,1.0910466600323359
48.2,0.6340515905198701,1.34786450451663,0.2737904689585657,0.44646977879460137
48.300000000000004,-0.12187366744455366,-0.05366578153709732,1.1853428410827578,-0.03337006375937183
48.400000000000006,1.1700283123562312,1.2734351829250754,0.9084758484089931,-0.6644433466547442
48.50000000000001,0.3732512681396131,-0.8706497969343888,0.8582395039914432,0.03700524804085817
48.6,-1.4762257404947914,-0.20233420558731058,-0.34515019047922085,0.7180129018556359
48.7,-2.4368345995931624,-0.9126472110945199,-1.5078084096993483,-0.22254769352431855
48.800000000000004,0.449883865093378,0.8908706416236712,-1.3438383481852472,0.26550754825865486
48.900000000000006,1.4252962370217324,-0.43634260699491617,0.7323768709052682,-0.12854285537833518
49.00000000000001,-0.9910830819880054,1.7873468281504628,0.7556241222204463,1.712138170955616
49.1,1.4199379308252589,0.7606709380270518,0.7831184682884904,1.3430229146981651
49.2,3.119013373468779,0.5050193331447874,-0.281208579892626,-0.24209101744567954
49.300000000000004,-0.3101879887808518,0.5130588585385571,0.11467761800991955,1.9691313918174007
49.400000000000006,0.9821195891912027,-0.18632721989377532,-0.7919186167731229,-0.7215967257027169
49.50000000000001,0.46475649667317237,1.0975463394572584,0.45957595322254935,0.4507852306733199
49.6,1.03945786823055,-1.6091376791231822,-0.16090953045525871,-2.0692500525142363
49.7,1.1191519285766454,-0.841258847977335,0.24784262556272754,2.312345418837014
49.800000000000004,-0.22046146557697913,0.6122755670087685,0.9893968095221276,1.614513709694191
49.900000000000006,-0.802566958529931,1.1263136362885393,0.5092660859541397,0.8895242234090273
50.00000000000001,0.6645308467340698,-0.9048516645448842,0.22073258870170187,1.3294839618984144
50.1,-0.0434206211878157,-0.45632080126121605,-0.2197280546183258,0.9396565746647856
50.2,0.21109989248318575,0.192156437803192,-1.0100326387867413,0.9499008020756898
50.300000000000004,0.3153942838872339,0.1721647705332262,0.28025365410733405,0.9915807588198262
50.400000000000006,0.31236145485473626,0.3752054683685735,0.2723307245676543,2.4074479919226026
50.50000000000001,1.7291840027217555,-0.7307694606918848,0.47232706516054773,0.6042489294085762
50.6,-1.055060412799633,-0.24852814239423554,-0.4695779300244955,-1.3639011392730753
50.7,-0.3884338476394973,0.3990882188151505,-0.5837385102177046,0.11328917129606732
50.800000000000004,-1.2927912437584907,2.4507747487555855,-1.1451616453681588,-1.2989544554954333
50.900000000000006,0.04023152487588281,-1.7549680933132112,0.908946576935919,1.5975403241744703
51.00000000000001,2.0511293993301036,0.11619641230269116,-0.057297094019499444,1.6463036114580962
51.1,1.8039474117720984,0.46786238787094026,0.6340515905198701,1.34786450451663
51.2,0.5226775732180841,-0.27553964451456747,-0.12187366744455366,-0.05366578153709732
51.300000000000004,0.579452641199598,0.8226653952670392,1.1700283123562312,1.2734351829250754
51.400000000000006,0.4459517033966281,-0.271605348129514,0.3732512681396131,-0.8706497969343888
51.50000000000001,-0.6937454129938923,-0.3160443892255057,-1.4762257404947914,-0.20233420558731058
51.6,1.0598463602463608,0.4666916744876648,-2.4368345995931624,-0.9126472110945199
51.7,1.5996970226066916,-0.8899608513268351,0.449883865093378,0.8908706416236712
51.800000000000004,0.876764694584236,0.8473224106270864,1.4252962370217324,-0.43634260699491617
51.900000000000006,-1.8756718859373238,-1.34475232348215,-0.9910830819880054,1.7873468281504628
52.00000000000001,-0.47562728041692637,-0.09718073822042377,1.4199379308252589,0.7606709380270518
52.1,0.915310600211533,1.3585046328149861,3.119013373468779,0.5050193331447874
52.2,-1.1299782986958034,-0.11369244994556166,-0.3101879887808518,0.5130588585385571
52.300000000000004,1.3551067829815455,-0.8789528992963593,0.9821195891912027,-0.18632721989377532
52.400000000000006,-0.5888327160787671,-0.2547807154544402,0.46475649667317237,1.0975463394572584
52.50000000000001,0.051351196357954404,0.29996093416677855,1.03945786823055,-1.6091376791231822
52.6,-0.8524380876059625,1.0926689160790786,1.1191519285766454,-0.841258847977335
52.7,1.521118138155779,0.9691577439962683,-0.22046146557697913,0.6122755670087685
52.800000000000004,-1.030440006498937,0.14858332269355926,-0.802566958529931,1.1263136362885393
52.900000000000006,0.3743820221828285,0.10152486599996664,0.6645308467340698,-0.9048516645448842
53.00000000000001,-1.1333976094898879,1.2291188503148451,-0.0434206211878157,-0.45632080126121605
53.1,-1.8386201110012688,-0.6436032789653735,0.21109989248318575,0.192156437803192
53.2,1.1728014327631653,0.2276428383012688,0.3153942838872339,0.1721647705332262
53.300000000000004,0.3580799429468705,0.5738195762948078,0.31236145485473626,0.3752054683685735
53.400000000000006,1.1180847099683764,-0.7132001427277356,1.7291840027217555,-0.7307694606918848
53.50000000000001,-0.7589015319455481,1.9717481579999663,-1.055060412799633,-0.24852814239423554
53.6,0.3371381672749541,-0.566202395845542,-0.3884338476394973,0.3990882188151505
53.7,0.8866080920095637,-0.4830997883526268,-1.2927912437584907,2.4507747487555855
53.800000000000004,1.2483298476179676,1.0032220332158135,0.04023152487588281,-1.7549680933132112
53.900000000000006,-1.78965115095817,0.657430311585085,2.0511293993301036,0.11619641230269116
54.00000000000001,1.0299990175714997,-0.42507081119229545,1.8039474117720984,0.46786238787094026
54.1,-0.08243336418177716,0.5530172081301257,0.5226775732180841,-0.27553964451456747
54.2,0.38780869515637567,-1.4859636592308714,0.579452641199598,0.8226653952670392
54.300000000000004,-0.577519921345228,0.03572474801968182,0.4459517033966281,-0.271605348129514
54.400000000000006,-1.434488287876778,1.8425096929066225,-0.6937454129938923,-0.3160443892255057
54.50000000000001,1.1899329678813686,0.42684546189042405,1.0598463602463608,0.4666916744876648
54.6,-0.8751605348793113,0.2707614680702209,1.5996970226066916,-0.8899608513268351
54.7,1.2794770979639531,-0.7156050508978195,0.876764694584236,0.8473224106270864
54.800000000000004,0.4264310573094688,0.11884039707861241,-1.8756718859373238,-1.34475232348215
54.900000000000006,-1.1217523502079252,1.5608275376693066,-0.47562728041692637,-0.09718073822042377
55.00000000000001,-0.8229140598320386,0.45954653936663475,0.915310600211533,1.3585046328149861
55.1,0.19245007303763853,-1.2064730902925678,-1.1299782986958034,-0.11369244994556166
55.2,1.361094691426371,0.43345832077898194,1.3551067829815455,-0.8789528992963593
55.300000000000004,-0.8996581497132414,-0.20983099216420217,-0.5888327160787671,-0.2547807154544402
55.400000000000006,-0.6241626240008562,0.031004497168130668,0.051351196357954404,0.29996093416677855
55.50000000000001,-0.48605900932712964,-0.0608060545190515,-0.8524380876059625,1.0926689160790786
55.6,-0.3294702886374094,0.4363065685751928,1.521118138155779,0.9691577439962683
55.7,-0.3497050397398978,0.8620973025583295,-1.030440006498937,0.14858332269355926
55.800000000000004,-1.4021167694734857,-1.0327264177384745,0.3743820221828285,0.10152486599996664
55.900000000000006,-0.5258869316038545,-1.4835293357684467,-1.1333976094898879,1.2291188503148451
56.00000000000001,-2.0562249058408413,-0.2598837694925763,-1.8386201110012688,-0.6436032789653735
56.1,0.9954134700385278,0.3935729118420282,1.1728014327631653,0.2276428383012688
56.2,0.33776052879860213,0.7192141423064151,0.3580799429468705,0.5738195762948078
56.300000000000004,1.005953898712108,-0.8726460541705701,1.1180847099683764,-0.7132001427277356
56.400000000000006,-1.06039889288931,-0.5145166795104427,-0.7589015319455481,1.9717481579999663
56.50000000000001,2.299736111557861,-2.0513598703320097,0.3371381672749541,-0.566202395845542
56.6,-0.911934716467597,0.29620196532945087,0.8866080920095637,-0.4830997883526268
56.7,-0.23493279148894924,-0.1258471040380286,1.2483298476179676,1.0032220332158135
56.800000000000004,0.9155995400232584,-1.2862832365739518,-1.78965115095817,0.657430311585085
56.900000000000006,-0.5507022491142168,-1.1706321467283345,1.0299990175714997,-0.42507081119229545
57.00000000000001,0.23461720023366497,-1.004976588577768,-0.08243336418177716,0.5530172081301257
57.1,-0.009095131972406516,-1.8633015910516255,0.38780869515637567,-1.4859636592308714
57.2,0.10561689141907829,0.1554649462002133,-0.577519921345228,0.03572474801968182
57.300000000000004,1.2840983356302718,1.3448217346501632,-1.434488287876778,1.8425096929066225
57.400000000000006,-1.8386268744063863,0.010672099618592452,1.1899329678813686,0.42684546189042405
57.50000000000001,0.14651161596524234,0.1950272803017493,-0.8751605348793113,0.2707614680702209
57.6,1.3348298362298583,0.28942282415124937,1.2794770979639531,-0.7156050508978195
57.7,-2.35254625148513,-0.4844313717383604,0.4264310573094688,0.11884039707861241
57.800000000000004,-0.9189226322073094,-0.5220674561024653,-1.1217523502079252,1.5608275376693066
57.900000000000006,-0.5514692045382572,0.39706090281853085,-0.8229140598320386,0.45954653936663475
58.00000000000001,-0.1900940191513349,-0.1362727577933485,0.19245007303763853,-1.2064730902925678
58.1,-1.3760485317278657,-0.619194527965437,1.361094691426371,0.43345832077898194
58.2,-0.891609913736805,1.1335993309411256,-0.8996581497132414,-0.20983099216420217
58.300000000000004,-0.2347893285162639,-0.7998722217396119,-0.6241626240008562,0.031004497168130668
58.400000000000006,0.44273734959336786,1.2505456632247651,-0.48605900932712964,-0.0608060545190515
58.50000000000001,0.5133525034368495,1.619906546235316,-0.3294702886374094,0.4363065685751928
58.6,-1.015432240859632,-0.09246869837552284,-0.3497050397398978,0.8620973025583295
58.7,-1.2864909701045337,0.4696127326243662,-1.4021167694734857,-1.0327264177384745
58.800000000000004,-1.3640103254895428,-1.7541553414100084,-0.5258869316038545,-1.4835293357684467
58.900000000000006,0.43590000529828904,0.7800865793514383,-2.0562249058408413,-0.2598837694925763
59.00000000000001,0.7950926656933411,-0.044955191282414785,0.9954134700385278,0.3935729118420282
59.1,-1.3776811884267388,1.580241094705188,0.33776052879860213,0.7192141423064151
59.2,0.037021733189522454,0.053660423404492105,1.005953898712108,-0.8726460541705701
59.300000000000004,-0.6009777411231985,1.8111995108466308,-1.06039889288931,-0.5145166795104427
59.400000000000006,-1.456397392536568,-1.5944796508144272,2.299736111557861,-2.0513598703320097
59.50000000000001,-0.8762799538070942,0.2711334457448381,-0.911934716467597,0.29620196532945087
59.6,3.096472478663608e-05,-0.82751683600948,-0.23493279148894924,-0.1258471040380286
59.7,0.4876747271334405,-0.025653793359617816,0.9155995400232584,-1.2862832365739518
59.800000000000004,-1.1143949329205634,0.1879524734586296,-0.5507022491142168,-1.1706321467283345
59.900000000000006,0.5108034910822722,-0.02043049084302761,0.23461720023366497,-1.004976588577768
60.00000000000001,-2.1525014510080984,1.3081648228583234,-0.009095131972406516,-1.8633015910516255
60.1,-0.0310162538943197,-0.9896605804056928,0.10561689141907829,0.1554649462002133
60.2,0.5320574291490308,1.1295261004331043,1.2840983356302718,1.3448217346501632
60.300000000000004,-0.609263565441689,-0.6025981066600092,-1.8386268744063863,0.010672099618592452
60.400000000000006,1.5141034666891202,0.27028712726137055,0.14651161596524234,0.1950272803017493
60.50000000000001,0.6238837022320907,-0.4053028385580898,1.3348298362298583,0.28942282415124937
60.6,-0.4219595818920195,-0.9445733248793181,-2.35254625148513,-0.4844313717383604
60.7,0.4446259865641559,-0.9722588278412483,-0.9189226322073094,-0.5220674561024653
60.800000000000004,-0.35797833664324213,0.20557680506071704,-0.5514692045382572,0.39706090281853085
60.900000000000006,1.160134894974411,0.4049796862607362,-0.1900940191513349,-0.1362727577933485
61.00000000000001,-0.9696753084771782,0.5331404381825134,-1.3760485317278657,-0.619194527965437
61.1,0.5396006997510174,-0.8581617261409985,-0.891609913736805,1.1335993309411256
61.2,-2.1866401156724664,-0.32657933729481825,-0.2347893285162639,-0.7998722217396119
61.300000000000004,0.6352075090705512,-0.6665612971468428,0.44273734959336786,1.2505456632247651
61.400000000000006,0.8587337935246987,0.782869251268156,0.5133525034368495,1.619906546235316
61.50000000000001,0.8484294444056032,0.0203229519011914,-1.015432240859632,-0.09246869837552284
61.6,-0.3335398607686071,-0.2259316890092693,-1.2864909701045337,0.4696127326243662
61.7,1.4482210790241918,1.377782680321836,-1.3640103254895428,-1.7541553414100084
61.800000000000004,-0.613141591072432,0.32947029241145276,0.43590000529828904,0.7800865793514383
61.900000000000006,0.7222602058378594,1.344804659995895,0.7950926656933411,-0.044955191282414785
62.00000000000001,0.5012897072690188,-0.057941051325672926,-1.3776811884267388,1.580241094705188
62.1,-1.128868897147456,-0.3132052823225456,0.037021733189522454,0.053660423404492105
62.2,-0.9634756270791691,-2.2629518025370654,-0.6009777411231985,1.8111995108466308
62.300000000000004,-0.8073042220872149,-0.6252797951641307,-1.456397392536568,-1.5944796508144272
62.400000000000006,-0.843611350154574,-0.3989006499251575,-0.8762799538070942,0.2711334457448381
62.50000000000001,-1.734657134133623,-1.0565645831780033,3.096472478663608e-05,-0.82751683600948
62.6,-1.5733732791154875,0.5341106754038791,0.4876747271334405,-0.025653793359617816
62.7,0.5264720482398849,0.33405877166225745,-1.1143949329205634,0.1879524734586296
62.800000000000004,-0.525622560546428,-1.1455039393234614,0.5108034910822722,-0.02043049084302761
62.900000000000006,-0.35522794487197246,1.1182922164664189,-2.1525014510080984,1.3081648228583234
63.00000000000001,-0.6208060507623813,-1.3677698665606797,-0.0310162538943197,-0.9896605804056928
63.1,0.29115148277873687,-0.2522471513179004,0.5320574291490308,1.1295261004331043
63.2,0.22119639765069488,0.9525410613404454,-0.609263565441689,-0.6025981066600092
63.300000000000004,-0.320293469581496,-0.3149937872974406,1.5141034666891202,0.27028712726137055
63.400000000000006,0.9213827582173019,-1.0357474835817253,0.6238837022320907,-0.4053028385580898
63.50000000000001,0.17574856829797442,0.5680922920713041,-0.4219595818920195,-0.9445733248793181
63.6,-1.0982058111711301,0.1187213309357724,0.4446259865641559,-0.9722588278412483
63.7,0.4559254331660228,1.434636227523951,-0.35797833664324213,0.20557680506071704
63.800000000000004,-1.994631069116696,0.36257625482525174,1.160134894974411,0.4049796862607362
63.900000000000006,0.24720633744105172,-0.6703515124327449,-0.9696753084771782,0.5331404381825134
64.0,0.24835679936655006,-1.6719991954210007,0.5396006997510174,-0.8581617261409985
64.1,0.4145251406949882,2.015076599845975,-2.1866401156724664,-0.32657933729481825
64.2,-1.1931910108796797,1.2351383507830673,0.6352075090705512,-0.6665612971468428
64.3,0.4064670009887024,-1.970304230069951,0.8587337935246987,0.782869251268156
64.39999999999999,-0.6223440563131952,1.774268324722017,0.8484294444056032,0.0203229519011914
64.5,-0.676632534389036,2.295189925347643,-0.3335398607686071,-0.2259316890092693
64.6,-1.376837045772057,-1.2982053436088064,1.4482210790241918,1.377782680321836
64.7,-1.721917465774288,0.027011454401566014,-0.613141591072432,0.32947029241145276
64.8,1.8653375769247549,1.43018585554154,0.7222602058378594,1.344804659995895
64.89999999999999,-1.1595669083642186,0.3494116329743249,0.5012897072690188,-0.057941051325672926
65.0,0.38554568341736806,-1.417010314366212,-1.128868897147456,-0.3132052823225456
65.1,-0.6479638742406201,-0.7670070183216651,-0.9634756270791691,-2.2629518025370654
65.2,-1.3595252131592575,2.5537822703353648,-0.8073042220872149,-0.6252797951641307
65.3,-0.657732369987302,-0.5542439984394467,-0.843611350154574,-0.3989006499251575
65.39999999999999,-0.9191177904394308,0.4566030071123861,-1.734657134133623,-1.0565645831780033
65.5,-0.8378468041470638,0.6227462575605359,-1.5733732791154875,0.5341106754038791
65.6,-1.21681658901773,0.18783081942953828,0.5264720482398849,0.33405877166225745
65.7,0.9693717399096115,-1.1195077214407718,-0.525622560546428,-1.1455039393234614
65.8,-0.4182808021019347,0.42026288427022246,-0.35522794487197246,1.1182922164664189
65.89999999999999,1.5074595044636894,-1.2963552002147125,-0.6208060507623813,-1.3677698665606797
66.0,0.012241730436686018,2.306919209110087,0.29115148277873687,-0.2522471513179004
66.1,1.4554666129251663,1.4467949618546014,0.22119639765069488,0.9525410613404454
66.2,-0.7037119570214834,-1.6440871327926927,-0.320293469581496,-0.3149937872974406
66.3,-1.565544898732387,-0.9095112733073571,0.9213827582173019,-1.0357474835817253
66.39999999999999,1.0120646269621105,0.013743255576177223,0.17574856829797442,0.5680922920713041
66.5,0.28533061621027755,-0.4236360183646551,-1.0982058111711301,0.1187213309357724
66.6,1.013472854676169,-0.1210299493723497,0.4559254331660228,1.434636227523951
66.7,0.3011030878762799,-0.7302034941283093,-1.994631069116696,0.36257625482525174
66.8,1.0507153547721213,-1.6320590606224425,0.24720633744105172,-0.6703515124327449
66.89999999999999,1.0066266262943877,0.190405807757441,0.24835679936655006,-1.6719991954210007
67.0,-0.6504754732301594,-1.1998514919088352,0.4145251406949882,2.015076599845975
67.1,-0.014718577806640064,-1.569498742759494,-1.1931910108796797,1.2351383507830673
67.2,2.633129765800124,0.2000498650372931,0.4064670009887024,-1.970304230069951
67.3,1.126250704109563,-0.1789850048103507,-0.6223440563131952,1.774268324722017
67.39999999999999,-0.49273703305924405,0.20824562511967298,-0.676632534389036,2.295189925347643
67.5,0.43267059912612493,-0.644532921956962,-1.376837045772057,-1.2982053436088064
67.6,1.0597018313452624,-0.024710290264507398,-1.721917465774288,0.027011454401566014
67.7,-0.43876510764117005,-0.23569656359230567,1.8653375769247549,1.43018585554154
67.8,1.7620264037939806,-1.4940925120472228,-1.1595669083642186,0.3494116329743249
67.89999999999999,-1.0468370729889522,0.20440532077177237,0.38554568341736806,-1.417010314366212
68.0,1.1398789898839852,1.1249605976533814,-0.6479638742406201,-0.7670070183216651
68.1,0.6470215194646982,-0.6075541140467843,-1.3595252131592575,2.5537822703353648
68.2,-0.5851337455912866,0.44287199920560394,-0.657732369987302,-0.5542439984394467
68.3,0.09018685638142267,-0.30748543546449,-0.9191177904394308,0.4566030071123861
68.39999999999999,-0.6379492857591587,-0.561430469270725,-0.8378468041470638,0.6227462575605359
68.5,-0.09333609609053432,-0.703098511235933,-1.21681658901773,0.18783081942953828
68.6,0.14516766937787748,2.1251975017292413,0.9693717399096115,-1.1195077214407718
68.7,-0.6434000075616052,0.1903530612329756,-0.4182808021019347,0.42026288427022246
68.8,0.48035216613671183,0.8560746033999779,1.5074595044636894,-1.2963552002147125
68.89999999999999,1.2360858396509942,0.3620991849478916,0.012241730436686018,2.306919209110087
69.0,-1.1811881050099022,0.21350616391494948,1.4554666129251663,1.4467949618546014
69.1,0.00519413699100465,-1.0161697955243851,-0.7037119570214834,-1.6440871327926927
69.2,0.19733843309623797,0.037629836783871426,-1.565544898732387,-0.9095112733073571
69.3,-0.36333824913807494,-1.8409856497230475,1.0120646269621105,0.013743255576177223
69.39999999999999,0.03025363945926753,0.2574913204706858,0.28533061621027755,-0.4236360183646551
69.5,-0.4296197973789368,1.789741457639769,1.013472854676169,-0.1210299493723497
69.6,-0.5070180499713848,-0.19316292074724406,0.3011030878762799,-0.7302034941283093
69.7,-0.8986420475829964,-1.2241581995262714,1.0507153547721213,-1.6320590606224425
69.8,0.7261148484734383,-0.5950152699456559,1.0066266262943877,0.190405807757441
69.89999999999999,0.7927887102769718,-2.2076371666804477,-0.6504754732301594,-1.1998514919088352
70.0,-0.2072438063824419,-0.4448982392051169,-0.014718577806640064,-1.569498742759494
70.1,1.2544590603569392,0.3989817706848269,2.633129765800124,0.2000498650372931
70.2,2.2494419554560725,-0.5136821874602163,1.126250704109563,-0.1789850048103507
70.3,-0.2793480285208637,0.722010896376852,-0.49273703305924405,0.20824562511967298
70.39999999999999,-0.052588503811307655,0.159287035898109,0.43267059912612493,-0.644532921956962
70.5,1.298431188687173,1.0095855667921436,1.0597018313452624,-0.024710290264507398
70.6,0.6480138298126765,-1.472882954570793,-0.43876510764117005,-0.23569656359230567
70.7,-0.5670920152164577,0.025494602005519496,1.7620264037939806,-1.4940925120472228
70.8,-0.20676790762373468,-0.2852118181701563,-1.0468370729889522,0.20440532077177237
70.89999999999999,-0.08798394374784159,1.3884787001397083,1.1398789898839852,1.1249605976533814
71.0,-0.2609912780278339,-0.016155162767180313,0.6470215194646982,-0.6075541140467843
71.1,1.6946995589784988,0.2726423082568763,-0.5851337455912866,0.44287199920560394
71.2,0.10292840369167743,-0.8173906761522323,0.09018685638142267,-0.30748543546449
71.3,1.6396094252667948,0.44446354697110035,-0.6379492857591587,-0.561430469270725
71.39999999999999,-0.9217339865511025,0.9278948108844511,-0.09333609609053432,-0.703098511235933
71.5,0.339948705561987,-0.9963300317221518,0.14516766937787748,2.1251975017292413
71.6,0.4107721748428836,0.2286581471271343,-0.6434000075616052,0.1903530612329756
71.7,1.506942982662129,0.2031813998581663,0.48035216613671183,0.8560746033999779
71.8,0.8626343879860701,-0.43580156896952693,1.2360858396509942,0.3620991849478916
71.89999999999999,-1.4458419366413195,0.7099273212823293,-1.1811881050099022,0.21350616391494948
72.0,0.4210767567469313,-0.42476448956444635,0.00519413699100465,-1.0161697955243851
72.1,2.138732917050303,0.9012610534534354,0.19733843309623797,0.037629836783871426
72.2,0.9839874409459988,-0.32433664520026684,-0.36333824913807494,-1.8409856497230475
72.3,0.30590754606980336,0.7471447816861682,0.03025363945926753,0.2574913204706858
72.39999999999999,2.080843915619768,-1.5288784896394674,-0.4296197973789368,1.789741457639769
72.5,-0.5806271867390684,0.04642489770750179,-0.5070180499713848,-0.19316292074724406
72.6,1.2811340192420393,0.24748184925669908,-0.8986420475829964,-1.2241581995262714
72.7,-1.015437187991723,0.14018399674868687,0.7261148484734383,-0.5950152699456559
72.8,0.21682990401475943,-1.1546108665335812,0.7927887102769718,-2.2076371666804477
72.89999999999999,-1.0608218961207962,1.1651463231173447,-0.2072438063824419,-0.4448982392051169
73.0,0.8996267540188968,0.035926351472259144,1.2544590603569392,0.3989817706848269
73.1,0.07619484865201198,-1.6503392932423988,2.2494419554560725,-0.5136821874602163
73.2,-0.3469560548808453,0.47524715454940875,-0.2793480285208637,0.722010896376852
73.3,0.9867172605575384,-0.6981567098993573,-0.052588503811307655,0.159287035898109
73.39999999999999,-2.29608560744766,0.5703328909747772,1.298431188687173,1.0095855667921436
73.5,0.2508335095878455,0.29626336102037126,0.6480138298126765,-1.472882954570793
73.6,-0.07835635742830822,-0.45512470156287704,-0.5670920152164577,0.025494602005519496
73.7,0.6111364481595127,1.1411972509003558,-0.20676790762373468,-0.2852118181701563
73.8,-0.04615377696324686,0.8522564074201665,-0.08798394374784159,1.3884787001397083
73.89999999999999,-0.24472689324122876,-2.308844276996845,-0.2609912780278339,-0.016155162767180313
74.0,0.7898213021467578,1.3824133547157067,1.6946995589784988,0.2726423082568763
74.1,0.16326249639062188,-0.7093159726512446,0.10292840369167743,-0.8173906761522323
74.2,-0.464414883748204,-0.8168287625222774,1.6396094252667948,0.44446354697110035
74.3,1.375020559022072,3.026833332365888,-0.9217339865511025,0.9278948108844511
74.39999999999999,0.3303742278528859,-1.0398409613718385,0.339948705561987,-0.9963300317221518
74.5,-1.827026326276839,-0.6057389251337443,0.4107721748428836,0.2286581471271343
74.6,0.6306566319407745,0.3934940454923045,1.506942982662129,0.2031813998581663
74.7,1.1421291877938737,1.351899863127879,0.8626343879860701,-0.43580156896952693
74.8,-0.693795570649965,0.8042820990604107,-1.4458419366413195,0.7099273212823293
74.89999999999999,-1.4669145530770098,0.15049345026889452,0.4210767567469313,-0.42476448956444635
75.0,1.129616273417637,0.30792156031533147,2.138732917050303,0.9012610534534354
75.1,0.4193509836554778,-1.3836377062783394,0.9839874409459988,-0.32433664520026684
75.2,-0.2855297896113783,0.5214048404862208,0.30590754606980336,0.7471447816861682
75.3,-0.22411855658973195,-0.11773281128598115,2.080843915619768,-1.5288784896394674
75.39999999999999,0.8698914549849915,1.6044910965984491,-0.5806271867390684,0.04642489770750179
75.5,2.049781122716089,-0.5462405371333666,1.2811340192420393,0.24748184925669908
75.6,-0.007803503698119482,-0.7003657856966893,-1.015437187991723,0.14018399674868687
75.7,1.0814228588269177,-0.09706953379204254,0.21682990401475943,-1.1546108665335812
75.8,-1.1120037893018595,0.304586216355845,-1.0608218961207962,1.1651463231173447
75.89999999999999,0.9366357824088999,1.1865781521240444,0.8996267540188968,0.035926351472259144
76.0,-0.8017412978862376,-0.3412747340832771,0.07619484865201198,-1.6503392932423988
76.1,0.37557801944645797,-0.1164128883002824,-0.3469560548808453,0.47524715454940875
76.2,0.18821339273969925,0.6724451447061344,0.9867172605575384,-0.6981567098993573
76.3,0.6547664219999095,-2.0519507878817524,-2.29608560744766,0.5703328909747772
76.39999999999999,0.11454442560715766,-1.2870427752642466,0.2508335095878455,0.29626336102037126
76.5,0.45795465154952447,-1.4629765738140674,-0.07835635742830822,-0.45512470156287704
76.6,1.4821340203230975,-0.9667424288769724,0.6111364481595127,1.1411972509003558
76.7,0.8927634484257826,2.3630392969647938,-0.04615377696324686,0.8522564074201665
76.8,1.0846541134805665,-1.4019258610386116,-0.24472689324122876,-2.308844276996845
76.9,-1.1360882128985397,-1.562629103420005,0.7898213021467578,1.3824133547157067
77.0,-1.227164718753192,0.8202609537223683,0.16326249639062188,-0.7093159726512446
77.1,0.5816779235922758,0.6250504443718953,-0.464414883748204,-0.8168287625222774
77.2,-0.09951492582303395,-0.580484645894427,1.375020559022072,3.026833332365888
77.3,-0.6124535166334844,1.2635692952160895,0.3303742278528859,-1.0398409613718385
77.4,-1.0313262684644142,0.5125103668574336,-1.827026326276839,-0.6057389251337443
77.5,0.7453739877190321,-1.3467478539667428,0.6306566319407745,0.3934940454923045
77.6,-0.11283449138334149,-0.5834054172877273,1.1421291877938737,1.351899863127879
77.7,-0.060236114338765946,1.4392259090117354,-0.693795570649965,0.8042820990604107
77.8,-0.34410066259927957,-0.5164944204695798,-1.4669145530770098,0.15049345026889452
77.9,0.38251001823132474,0.49875828698717767,1.129616273417637,0.30792156031533147
78.0,-0.9732467286170986,1.4218453429412174,0.4193509836554778,-1.3836377062783394
78.1,0.8332480534616583,-3.1349607977474543,-0.2855297896113783,0.5214048404862208
78.2,-0.091361384329284,-0.26539981773224275,-0.22411855658973195,-0.11773281128598115
78.3,-2.361859538352815,1.3508697921040445,0.8698914549849915,1.6044910965984491
78.4,-0.1696225452386375,-0.4531972952065755,2.049781122716089,-0.5462405371333666
78.5,-1.0220328710083846,0.891089747328966,-0.007803503698119482,-0.7003657856966893
78.6,-0.5570770910824646,1.136036378527391,1.0814228588269177,-0.09706953379204254
78.7,1.0557418886526704,-1.1474469268227072,-1.1120037893018595,0.304586216355845
78.8,-1.3595699704325144,-0.5544061311671329,0.9366357824088999,1.1865781521240444
78.9,1.6656330769705456,-2.218136362632893,-0.8017412978862376,-0.3412747340832771
79.0,0.9927690217045217,-0.3475059557976746,0.37557801944645797,-0.1164128883002824
79.1,-0.38771417122867435,0.9983106586210421,0.18821339273969925,0.6724451447061344
79.2,0.8062035884257756,0.9068667693225658,0.6547664219999095,-2.0519507878817524
79.3,-0.3652247378102441,-0.07760732432075007,0.11454442560715766,-1.2870427752642466
79.4,0.07733052156494975,0.3857556931383791,0.45795465154952447,-1.4629765738140674
79.5,-0.11324136980137867,0.2497291447238408,1.4821340203230975,-0.9667424288769724
79.6,-0.6650020697379967,1.3950930847829472,0.8927634484257826,2.3630392969647938
79.7,-1.6117428507945586,-0.08994812322579179,1.0846541134805665,-1.4019258610386116
79.8,0.4939477420921035,0.7224072918223289,-1.1360882128985397,-1.562629103420005
79.9,-0.3560647941840458,-0.16265506631918691,-1.227164718753192,0.8202609537223683
80.0,-0.26384642231977523,0.37399419087331065,0.5816779235922758,0.6250504443718953
80.1,0.7629466754698977,-1.4894661958475235,-0.09951492582303395,-0.580484645894427
80.2,0.5015297280307607,-0.9779810544937738,-0.6124535166334844,1.2635692952160895
80.3,0.15203223359213083,-1.0314058829085484,-1.0313262684644142,0.5125103668574336
80.4,0.3474074405651482,0.001940222344995456,0.7453739877190321,-1.3467478539667428
80.5,-0.1181301539935348,0.6856353498994497,-0.11283449138334149,-0.5834054172877273
80.6,-1.5305727581297024,-0.6869871126077569,-0.060236114338765946,1.4392259090117354
80.7,-0.7854385045471489,0.7464629868943251,-0.34410066259927957,-0.5164944204695798
80.8,-1.2563708061718055,-0.9464182020586074,0.38251001823132474,0.49875828698717767
80.9,1.3265242462207336,-0.5646557188617851,-0.9732467286170986,1.4218453429412174
81.0,-1.473802756022347,0.3245786874417014,0.8332480534616583,-3.1349607977474543
81.1,-0.43997046223790054,-0.7497278441308799,-0.091361384329284,-0.26539981773224275
81.2,0.6947003066111568,-0.3964570573559977,-2.361859538352815,1.3508697921040445
81.3,-0.24760834568979792,0.0822777715985241,-0.1696225452386375,-0.4531972952065755
81.4,0.28722952750003633,-0.8116642254878769,-1.0220328710083846,0.891089747328966
81.5,1.1305243579552986,-0.558005387244752,-0.5570770910824646,1.136036378527391
81.6,0.8697167920718749,2.0939671885974516,1.0557418886526704,-1.1474469268227072
81.7,0.4265409304393729,-0.3165203737787014,-1.3595699704325144,-0.5544061311671329
81.8,-0.030200893676562385,-1.7493088702443966,1.6656330769705456,-2.218136362632893
81.9,-0.5735532748238201,0.29215704934780146,0.9927690217045217,-0.3475059557976746
82.0,-0.17750245166374903,2.7978089125021492,-0.38771417122867435,0.9983106586210421
82.1,1.314452733856404,0.021712145238626867,0.8062035884257756,0.9068667693225658
82.2,0.31515589692901186,-0.3589789280281056,-0.3652247378102441,-0.07760732432075007
82.3,-1.883326750688575,2.609080042085029,0.07733052156494975,0.3857556931383791
82.4,1.3455875277608595,-1.723602927737354,-0.11324136980137867,0.2497291447238408
82.5,-0.20482909733633486,-1.1339430353785835,-0.6650020697379967,1.3950930847829472
82.6,-0.5393250887793207,-0.053163394850832865,-1.6117428507945586,-0.08994812322579179
82.7,0.37462587070501135,-1.619680640384774,0.4939477420921035,0.7224072918223289
82.8,0.7713756291456918,0.836000486977569,-0.3560647941840458,-0.16265506631918691
82.9,0.2838699504913757,1.9142902462428513,-0.26384642231977523,0.37399419087331065
83.0,0.39390626756195835,-0.09376254898866554,0.7629466754698977,-1.4894661958475235
83.1,1.381039434371578,-0.16833814417455198,0.5015297280307607,-0.9779810544937738
83.2,-0.1741023407651278,-1.8645137550120934,0.15203223359213083,-1.0314058829085484
83.3,1.680559166448369,0.7434503700429285,0.3474074405651482,0.001940222344995456
83.4,0.7037411891291636,-0.34944836405832186,-0.1181301539935348,0.6856353498994497
83.5,0.8143662245187094,-0.5572674295196435,-1.5305727581297024,-0.6869871126077569
83.6,-0.7694698444353785,-2.1873646256796104,-0.7854385045471489,0.7464629868943251
83.7,-0.7321038455209014,0.7382968341424527,-1.2563708061718055,-0.9464182020586074
83.8,0.5167530931036202,-1.2615089183118697,1.3265242462207336,-0.5646557188617851
83.9,0.8357520133293661,-0.24401760934155872,-1.473802756022347,0.3245786874417014
84.0,-1.6161293339289469,-1.9659159793479526,-0.43997046223790054,-0.7497278441308799
84.1,0.4147340217205924,-0.1458689128294869,0.6947003066111568,-0.3964570573559977
84.2,-0.3486186269767129,-0.7990319259387711,-0.24760834568979792,0.0822777715985241
84.3,0.8865622847202429,1.0373094154577944,0.28722952750003633,-0.8116642254878769
84.4,-1.7295442032950972,2.5344581054046267,1.1305243579552986,-0.558005387244752
84.5,0.40754258825062734,0.8304871959968954,0.8697167920718749,2.0939671885974516
84.6,1.8649802872675312,1.1531548695827145,0.4265409304393729,-0.3165203737787014
84.7,0.09251919329680168,0.39603151011944526,-0.030200893676562385,-1.7493088702443966
84.8,0.09245209322683998,0.8668975916755023,-0.5735532748238201,0.29215704934780146
84.9,-0.8333462391828989,-0.7766880877441196,-0.17750245166374903,2.7978089125021492
85.0,0.1738551670872245,-0.47318628366916504,1.314452733856404,0.021712145238626867
85.1,-1.6550078568286,1.458741061193796,0.31515589692901186,-0.3589789280281056
85.2,-0.6130392444918109,0.5882216677246643,-1.883326750688575,2.609080042085029
85.3,2.607690529335522,0.061903361984596283,1.3455875277608595,-1.723602927737354
85.4,-1.069656658681995,-0.2878793694805663,-0.20482909733633486,-1.1339430353785835
85.5,0.07633094787022693,1.7228395290739478,-0.5393250887793207,-0.053163394850832865
85.6,-0.08660018373674684,-1.7593072545857953,0.37462587070501135,-1.619680640384774
85.7,1.2607746894904812,0.25784808449105845,0.7713756291456918,0.836000486977569
85.8,1.0513364513355927,0.03354350272244859,0.2838699504913757,1.9142902462428513
85.9,0.22212191742864676,-0.2420043983982747,0.39390626756195835,-0.09376254898866554
86.0,-0.43648889506253014,0.7737296797081662,1.381039434371578,-0.16833814417455198
86.1,0.28873580589176745,0.5139080508656466,-0.1741023407651278,-1.8645137550120934
86.2,0.1816559436247998,2.2934508440395103,1.680559166448369,0.7434503700429285
86.3,0.28362860547436136,-0.3309225604862378,0.7037411891291636,-0.34944836405832186
86.4,0.4424618114331403,-0.2559744854839937,0.8143662245187094,-0.5572674295196435
86.5,1.1328938305914782,-0.06939492612665867,-0.7694698444353785,-2.1873646256796104
86.6,-0.04441283323170545,0.7624321824696397,-0.7321038455209014,0.7382968341424527
86.7,-1.2347088779025748,-1.0516410822800484,0.5167530931036202,-1.2615089183118697
86.8,1.4864946193021935,1.6873114748822067,0.8357520133293661,-0.24401760934155872
86.9,-1.2349255590606902,-0.5196575400785142,-1.6161293339289469,-1.9659159793479526
87.0,0.1721637189565406,0.7446566278727822,0.4147340217205924,-0.1458689128294869
87.1,0.9605328191569211,0.12135130350754338,-0.3486186269767129,-0.7990319259387711
87.2,-0.8753262252723062,0.307272467953444,0.8865622847202429,1.0373094154577944
87.3,0.8824079031454288,-0.3223366146815402,-1.7295442032950972,2.5344581054046267
87.4,-0.10364082622476671,0.4975585283142385,0.40754258825062734,0.8304871959968954
87.5,0.18874481900261203,-0.3341996108222621,1.8649802872675312,1.1531548695827145
87.6,-0.7104905915242006,0.15269707716176423,0.09251919329680168,0.39603151011944526
87.7,-1.9124524232637907,-1.0847165694646816,0.09245209322683998,0.8668975916755023
87.8,2.1455631037217713,1.5145595428725231,-0.8333462391828989,-0.7766880877441196
87.9,-0.3223077191280485,-0.024590951143021317,0.1738551670872245,-0.47318628366916504
88.0,1.1663989484005879,1.9065573621429865,-1.6550078568286,1.458741061193796
88.1,-1.8595885882418877,0.7594860644120108,-0.6130392444918109,0.5882216677246643
88.2,-0.15589962049872536,-0.09738671564263268,2.607690529335522,0.061903361984596283
88.3,0.7680276860521187,-0.13133597933187055,-1.069656658681995,-0.2878793694805663
88.4,-1.3086285008381988,0.21131222521268717,0.07633094787022693,1.7228395290739478
88.5,-0.3290216543839708,0.9963884509456475,-0.08660018373674684,-1.7593072545857953
88.6,-0.8571184306858283,0.0922638441626134,1.2607746894904812,0.25784808449105845
88.7,-0.35320438952658434,1.3058971255431873,1.0513364513355927,0.03354350272244859
88.8,0.17795121317752866,-0.6694089301921992,0.22212191742864676,-0.2420043983982747
88.9,-0.4649571691104057,-0.3192187640263655,-0.43648889506253014,0.7737296797081662
89.0,0.8165205596786703,0.7867150613159154,0.28873580589176745,0.5139080508656466
89.1,0.0950668485980483,-1.8756362064066576,0.1816559436247998,2.2934508440395103
89.2,0.08904829487887765,0.28943755435266755,0.28362860547436136,-0.3309225604862378
89.3,0.33847712781991857,1.7151378149838,0.4424618114331403,-0.2559744854839937
89.4,-1.314268547248705,0.10255562259882188,1.1328938305914782,-0.06939492612665867
89.5,-0.9392281397745006,-1.263667014991176,-0.04441283323170545,0.7624321824696397
89.6,-1.1852853951119429,0.2547034747678843,-1.2347088779025748,-1.0516410822800484
89.7,-0.7542766630594873,1.505757635008246,1.4864946193021935,1.6873114748822067
89.8,0.7303624706627854,1.592213049192808,-1.2349255590606902,-0.5196575400785142
89.9,0.6651054511818831,-0.14587176824630432,0.1721637189565406,0.7446566278727822
90.0,0.49536003020746633,-2.828737435825156,0.9605328191569211,0.12135130350754338
90.1,-1.3770767851998427,0.270546091894434,-0.8753262252723062,0.307272467953444
90.2,0.3601590294725697,-1.4182317373886735,0.8824079031454288,-0.3223366146815402
90.3,0.11878378573827515,0.4396778457691061,-0.10364082622476671,0.4975585283142385
90.4,-0.9206510095689002,0.35515586553182155,0.18874481900261203,-0.3341996108222621
90.5,0.6528515908320113,1.5727017923826547,-0.7104905915242006,0.15269707716176423
90.6,1.0952433027064903,-0.4036092289655991,-1.9124524232637907,-1.0847165694646816
90.7,0.6016165927641172,-0.8222894374242538,2.1455631037217713,1.5145595428725231
90.8,-0.6426842492157238,0.3652129034306929,-0.3223077191280485,-0.024590951143021317
90.9,0.6519557322113416,0.5662875501733369,1.1663989484005879,1.9065573621429865
91.0,-1.4288594756806223,0.9916763903806163,-1.8595885882418877,0.7594860644120108
91.1,1.2377205290212838,0.379273671309168,-0.15589962049872536,-0.09738671564263268
91.2,-1.5857920595196435,-1.0097447545255862,0.7680276860521187,-0.13133597933187055
91.3,-0.3399385571100235,0.016027780516335355,-1.3086285008381988,0.21131222521268717
91.4,0.6712919488532688,-1.0873462585888496,-0.3290216543839708,0.9963884509456475
91.5,-0.2390526881636149,-0.9216850588851377,-0.8571184306858283,0.0922638441626134
91.6,-1.3236956271004745,1.2720154568838449,-0.35320438952658434,1.3058971255431873
91.7,1.1932488304323658,-0.7346363938979547,0.17795121317752866,-0.6694089301921992
91.8,-1.121790365140937,-1.9036733404376047,-0.4649571691104057,-0.3192187640263655
91.9,-0.32219937894519857,0.49011038131944656,0.8165205596786703,0.7867150613159154
92.0,0.03981922715562785,-0.6795828837294126,0.0950668485980483,-1.8756362064066576
92.1,2.2946935151868058,-0.7820591477666088,0.08904829487887765,0.28943755435266755
92.2,1.7509580505366704,-0.6872556870486843,0.33847712781991857,1.7151378149838
92.3,2.196848086451326,1.7607244879167598,-1.314268547248705,0.10255562259882188
92.4,0.21793759046925734,1.1739464717642092,-0.9392281397745006,-1.263667014991176
92.5,-0.17308079928864567,0.5867236714664555,-1.1852853951119429,0.2547034747678843
92.6,0.32630306590312913,-1.6952895836688393,-0.7542766630594873,1.505757635008246
92.7,-0.5930964790687819,0.34128158328710184,0.7303624706627854,1.592213049192808
92.8,-0.007573462485225401,-0.6146246272456992,0.6651054511818831,-0.14587176824630432
92.9,1.9497734748429196,0.5269270346163364,0.49536003020746633,-2.828737435825156
93.0,0.44345843430281456,-0.45541280429871306,-1.3770767851998427,0.270546091894434
93.1,0.40749427005363525,-0.6097494102023222,0.3601590294725697,-1.4182317373886735
93.2,0.46772261179782465,-1.4027423024845005,0.11878378573827515,0.4396778457691061
93.3,1.3489061581907507,1.2568010466393642,-0.9206510095689002,0.35515586553182155
93.4,-1.7077549722995296,-1.431680363119852,0.6528515908320113,1.5727017923826547
93.5,0.46709876950862156,0.5877739028329607,1.0952433027064903,-0.4036092289655991
93.6,0.4122610757428505,1.1057747254620411,0.6016165927641172,-0.8222894374242538
93.7,-0.7716057398558359,-0.3995147853754226,-0.6426842492157238,0.3652129034306929
93.8,0.16408247832502754,1.207835371578613,0.6519557322113416,0.5662875501733369
93.9,1.982273346947708,-0.9837920598517776,-1.4288594756806223,0.9916763903806163
94.0,0.511973609167315,1.9532310124076682,1.2377205290212838,0.379273671309168
94.1,0.33241087507543077,0.8815875278501087,-1.5857920595196435,-1.0097447545255862
94.2,-0.7951167126294232,-0.6300828792584395,-0.3399385571100235,0.016027780516335355
94.3,0.9664572766551558,0.17193159250041065,0.6712919488532688,-1.0873462585888496
94.4,0.2825157232951508,1.0815478825197915,-0.2390526881636149,-0.9216850588851377
94.5,0.1678293859868279,1.0930497915814295,-1.3236956271004745,1.2720154568838449
94.6,0.26794165017443633,0.25524853662456554,1.1932488304323658,-0.7346363938979547
94.7,-0.9782352396116133,-0.8314890614123823,-1.121790365140937,-1.9036733404376047
94.8,0.7924350188461395,-1.9338496679125012,-0.32219937894519857,0.49011038131944656
94.9,-0.0745868005689233,2.4060108214870315,0.03981922715562785,-0.6795828837294126
95.0,1.6576263272013723,-0.1032961083551392,2.2946935151868058,-0.7820591477666088
95.1,-1.4504371729949037,0.5406626019125917,1.7509580505366704,-0.6872556870486843
95.2,-1.0269746760912453,-1.42417010091751,2.196848086451326,1.7607244879167598
95.3,-1.00488172434494,0.4384636404713139,0.21793759046925734,1.1739464717642092
95.4,-0.36833148120013165,0.34700988800871074,-0.17308079928864567,0.5867236714664555
95.5,0.3113794490501299,0.6981043563018057,0.32630306590312913,-1.6952895836688393
95.6,0.8053002715161904,0.9865294820880692,-0.5930964790687819,0.34128158328710184
95.7,1.078288160408545,-0.2951502289055664,-0.007573462485225401,-0.6146246272456992
95.8,-0.27656920891015496,-0.3840201634301918,1.9497734748429196,0.5269270346163364
95.9,-0.10854341771344721,-0.5744441564673047,0.44345843430281456,-0.45541280429871306
96.0,2.6545010433358835,0.691789201613198,0.40749427005363525,-0.6097494102023222
96.1,0.5652819787396937,-1.1956244761748294,0.46772261179782465,-1.4027423024845005
96.2,1.7914513628254611,0.5538906042833205,1.3489061581907507,1.2568010466393642
96.3,-0.4616510428069091,-1.148351073458647,-1.7077549722995296,-1.431680363119852
96.4,-0.25525503986614023,1.2082149966624371,0.46709876950862156,0.5877739028329607
96.5,0.09944792484272791,1.5233179130213041,0.4122610757428505,1.1057747254620411
96.6,0.39614835234605955,1.0297162520574288,-0.7716057398558359,-0.3995147853754226
96.7,0.23320502336756455,1.8362144608927295,0.16408247832502754,1.207835371578613
96.8,1.3831280804045698,-1.3814915878900702,1.982273346947708,-0.9837920598517776
96.9,-1.5311743652727505,2.661158108996012,0.511973609167315,1.9532310124076682
97.0,1.49909530210272,1.083609226697392,0.33241087507543077,0.8815875278501087
97.1,1.6593004693853486,0.35108625772420854,-0.7951167126294232,-0.6300828792584395
97.2,0.20105276038495482,-0.7626339114592674,0.9664572766551558,0.17193159250041065
97.3,-1.30076046462529,1.7006931791579563,0.2825157232951508,1.0815478825197915
97.4,-0.6604461378355985,-0.8615386611721567,0.1678293859868279,1.0930497915814295
97.5,-0.1784487834418983,0.012053690259964002,0.26794165017443633,0.25524853662456554
97.6,-1.2404775252837783,0.07520456634620297,-0.9782352396116133,-0.8314890614123823
97.7,-0.2417937188378542,0.49383641699155145,0.7924350188461395,-1.9338496679125012
97.8,1.6042223648079095,0.3627559400831869,-0.0745868005689233,2.4060108214870315
97.9,-0.7599371042442618,0.12237493936830933,1.6576263272013723,-0.1032961083551392
98.0,-1.130516198523169,-0.6394168575086425,-1.4504371729949037,0.5406626019125917
98.1,-1.8969508277835265,0.44398890412033376,-1.0269746760912453,-1.42417010091751
98.2,0.6082576054500763,-0.13537184669054522,-1.00488172434494,0.4384636404713139
98.3,1.7064090169753854,-1.564105427213543,-0.36833148120013165,0.34700988800871074
98.4,-0.24246920840150285,-0.5768837738109749,0.3113794490501299,0.6981043563018057
98.5,0.11498881029601216,-1.1448720589529506,0.8053002715161904,0.9865294820880692
98.6,1.5719067204827852,0.5889091196267211,1.078288160408545,-0.2951502289055664
98.7,-0.9780101472369378,0.06621383657518885,-0.27656920891015496,-0.3840201634301918
98.8,0.6020305298060882,-0.8600435086237862,-0.10854341771344721,-0.5744441564673047
98.9,0.471348691792731,-1.7594782200619412,2.6545010433358835,0.691789201613198
99.0,0.6459585185262858,0.9298846314793028,0.5652819787396937,-1.1956244761748294
99.1,-0.15014413165168936,-1.9547242648976222,1.7914513628254611,0.5538906042833205
99.2,-0.7332581355519933,0.8375434581649995,-0.4616510428069091,-1.148351073458647
99.3,0.9065415355467525,-1.2189035446346033,-0.25525503986614023,1.2082149966624371
99.4,-1.6896961628918779,0.44470722746791397,0.09944792484272791,1.5233179130213041
99.5,0.25736981080303567,-1.1369791770157125,0.39614835234605955,1.0297162520574288
99.6,-0.7878846831544996,-0.455483747303624,0.23320502336756455,1.8362144608927295
99.7,0.5117500362443661,0.8134726377819881,1.3831280804045698,-1.3814915878900702
99.8,0.06492037954755622,0.0993503635270238,-1.5311743652727505,2.661158108996012
99.9,-0.032740429300725425,1.139889721042967,1.49909530210272,1.083609226697392
100.0,-1.4510079478324276,-1.025403868581537,1.6593004693853486,0.35108625772420854
